SalePrice,date,id
476714.93517911603,20140628,144
625515.7747773846,20180505,X144
538987.5057160422,20141112,201
692304.298941395,20180505,X201
651465.4025112073,20141014,362
881074.1207457281,20180505,X362
599751.5926039125,20140412,367
778088.5005187807,20180505,X367
937397.5064099333,20140222,466
1402552.4065320492,20180505,X466
715333.4822336622,20160121,524
802078.1637308914,20180505,X524
845569.5340313739,20150318,613
1085186.6528457063,20180505,X613
932644.3287048017,20140531,616
1320314.9705894906,20180505,X616
900813.4745135122,20141025,646
1250576.9389810937,20180505,X646
829395.454488582,20140816,650
1108476.1364604377,20180505,X650
945405.0554069066,20151104,729
1180463.3173617267,20180505,X729
882596.21279759,20151219,781
1084762.90454678,20180505,X781
942736.9495139119,20170916,806
994190.049365725,20180505,X806
995762.9239857552,20150221,824
1305139.5318974536,20180505,X824
929443.9617620324,20141030,828
1290569.2129853256,20180505,X828
1016674.5138551624,20170522,882
1079048.4085739476,20180505,X882
917002.3790497975,20150907,888
1113075.0836212914,20180505,X888
959710.2295267199,20150711,890
1170421.4485664868,20180505,X890
920185.3370415248,20150323,893
1155290.214710043,20180505,X893
913058.7534447334,20150713,938
1079211.6681836054,20180505,X938
1045135.2672234018,20150428,940
1298321.1040630287,20180505,X940
1002071.1388893235,20150411,969
1268333.7290719934,20180505,X969
994038.2320374772,20141203,971
1374230.6340116365,20180505,X971
1053886.3368732836,20151017,999
1307616.1849956384,20180505,X999
986818.1339198421,20150623,1001
1218842.156183862,20180505,X1001
1255087.332760967,20150329,1033
1610398.7611465927,20180505,X1033
1113192.536609332,20150321,1034
1400500.627132571,20180505,X1034
1130575.7334186023,20170624,1046
1189742.6770265286,20180505,X1046
1175287.661699042,20170429,1047
1246968.2255225608,20180505,X1047
1176113.588231385,20160604,1058
1376533.1541191658,20180505,X1058
1086614.6600150967,20160604,1059
1250427.397188417,20180505,X1059
1063601.0017999744,20151201,1060
1330117.343146315,20180505,X1060
1090322.006019634,20150926,1061
1281210.8180459866,20180505,X1061
1044700.3151155718,20150704,1063
1277370.09856553,20180505,X1063
1222684.8275969115,20160305,1100
1437957.0580629904,20180505,X1100
1006526.0076627004,20150817,1102
1233482.5944763534,20180505,X1102
1114420.328000721,20150605,1103
1387766.994371008,20180505,X1103
1266748.388125878,20170224,1111
1359709.2930765522,20180505,X1111
1359388.0537231506,20160625,1116
1608996.2620042274,20180505,X1116
1151887.119441166,20150718,1129
1407395.6195825431,20180505,X1129
1224261.7700898724,20150328,1135
1524215.004399623,20180505,X1135
1343901.999721182,20150321,1136
1692093.0008258205,20180505,X1136
1138675.591290097,20170422,1157
1203406.8791283628,20180505,X1157
1172100.7594550217,20150816,1175
1448121.6293922684,20180505,X1175
1295544.3599572051,20150711,1176
1596329.957216446,20180505,X1176
1210221.2708170675,20150321,1181
1515361.5551305804,20180505,X1181
1140901.3947379747,20141002,1185
1499019.0270581357,20180505,X1185
1198756.332072302,20140905,1186
1604222.0171590948,20180505,X1186
1114420.328000721,20150605,1202
1387766.994371008,20180505,X1202
1378738.098224376,20160319,1216
1622740.8645861696,20180505,X1216
1222339.4099614583,20151009,1219
1496903.5226335332,20180505,X1219
1278603.9215290712,20150926,1220
1568506.586892245,20180505,X1220
1350998.3571086742,20150704,1222
1702268.9125283088,20180505,X1222
1293729.5764852955,20150613,1223
1607665.6038818255,20180505,X1223
1308835.7190586713,20150314,1228
1636831.505230454,20180505,X1228
1421544.3468260486,20150313,1229
1798068.803262113,20180505,X1229
1371550.278700481,20180101,1237
1374654.6477209972,20180505,X1237
1236133.956140702,20170208,1246
1339266.8452008236,20180505,X1246
1193404.3416869699,20170130,1247
1265164.0324025312,20180505,X1247
1314947.3479021236,20161210,1248
1485722.998504752,20180505,X1248
1277148.2027335663,20161203,1250
1440348.8032741165,20180505,X1250
1274453.102475501,20161203,1251
1450336.4706435725,20180505,X1251
1268760.5309159937,20160604,1254
1472398.5320280988,20180505,X1254
1428431.6531277692,20151107,1255
1730676.7860163841,20180505,X1255
1253013.140341989,20151016,1257
1547689.0348828612,20180505,X1257
1195377.436561385,20151013,1258
1466215.9736492254,20180505,X1258
1324356.025215555,20141015,1262
1761214.229022257,20180505,X1262
1354853.3178244724,20161112,1272
1539302.6311267314,20180505,X1272
1330736.2724253864,20160722,1273
1547346.1293029953,20180505,X1273
1420341.6223572774,20150321,1286
1756323.0059490895,20180505,X1286
1463081.010767388,20170408,1295
1539765.4444356412,20180505,X1295
1311951.2271915034,20161105,1297
1477440.7626811534,20180505,X1297
1463696.9816905155,20170325,1311
1559632.9306061885,20180505,X1311
1462066.8508015263,20150509,1327
1774089.2510349287,20180505,X1327
1488398.7909665222,20170520,1336
1566628.7938534182,20180505,X1336
1499370.5962847753,20150810,1343
1811961.6916027146,20180505,X1343
1251586.2949431913,20151212,2223
1540667.3491449913,20180505,X2223
1183036.3168264886,20151121,2224
1459506.104880494,20180505,X2224
1253722.0932481748,20170216,2254
1362788.824500124,20180505,X2254
1307760.4846175045,20160803,2255
1512929.1090894516,20180505,X2255
1318630.0924431423,20140419,2260
1815172.6446616848,20180505,X2260
1344313.934190671,20151010,2275
1624944.7414190096,20180505,X2275
1169217.1078012167,20150808,2298
1431988.8207797513,20180505,X2298
1253880.2162820252,20150718,2299
1536564.682613412,20180505,X2299
1383806.4641251315,20150611,2302
1717399.068172831,20180505,X2302
1182501.9798155103,20170515,2324
1245370.7136014693,20180505,X2324
1324425.876963689,20140628,2331
1767932.3873301987,20180505,X2331
1324879.762420088,20170225,2359
1418261.9874090746,20180505,X2359
1446399.4012404208,20161217,2360
1638543.5090105298,20180505,X2360
1433038.5434518128,20161022,2361
1641264.7356366192,20180505,X2361
1290872.0523673447,20140329,2374
1695012.8920569196,20180505,X2374
1481107.2701253928,20170722,2380
1563973.0350782203,20180505,X2380
1417428.9629391946,20170408,2383
1501254.5186230617,20180505,X2383
1587972.3115476463,20170320,2397
1710817.6928460423,20180505,X2397
1517118.9474302835,20170318,2398
1630741.7443720168,20180505,X2398
1491358.391171668,20161112,2402
1716872.049519089,20180505,X2402
1582596.0275817935,20141206,2418
2030532.887271393,20180505,X2418
1503810.2423909726,20161015,2426
1724024.1099073484,20180505,X2426
1494511.7951846384,20160806,2429
1704909.21739114,20180505,X2429
1391045.4011838979,20151107,2432
1695810.7355843245,20180505,X2432
1503552.4922170744,20150926,2433
1818258.040359534,20180505,X2433
1408418.6782421188,20150530,2434
1708080.1562715808,20180505,X2434
1470177.0752557998,20160521,2440
1693143.967151983,20180505,X2440
1583332.8219173625,20161210,2463
1782447.2773140494,20180505,X2463
1650300.9255688926,20160716,2468
1872911.1250018983,20180505,X2468
1607363.2178775214,20160528,2469
1811465.959844971,20180505,X2469
1713674.7948280175,20151212,2472
2039438.839147645,20180505,X2472
1724001.4668837625,20150512,2473
2068600.571770155,20180505,X2473
1851639.884757273,20150321,2474
2247698.4346906417,20180505,X2474
1653252.6318066884,20170617,2479
1740594.447064853,20180505,X2479
1619404.9064970978,20151202,2482
1931372.2189531762,20180505,X2482
1538596.0488770623,20151024,2490
1831716.0724809647,20180505,X2490
1608516.543532097,20140912,2494
2055415.5972144909,20180505,X2494
1653605.7902002123,20170524,2497
1744685.5005870368,20180505,X2497
1578940.4332651487,20160402,2501
1800029.8673207927,20180505,X2501
1721471.3906741124,20160305,2521
1936146.278956048,20180505,X2521
1698815.7665152133,20170617,2524
1793316.4783064108,20180505,X2524
1850772.6085708076,20170624,2539
1939947.9987486026,20180505,X2539
1989520.3214120998,20170225,2541
2100556.345192848,20180505,X2541
1884754.1246896742,20170603,2556
1989043.4005517159,20180505,X2556
1811859.0234006958,20170601,2557
1897086.559080126,20180505,X2557
1924647.685034385,20150523,2569
2268115.3258135575,20180505,X2569
1664129.7177556844,20151006,2576
1917601.9647847645,20180505,X2576
2335204.5825932277,20170617,2578
2467606.11714933,20180505,X2578
2404703.4200495575,20160323,2625
2656113.311150904,20180505,X2625
583887.7428900021,20150328,2997
718557.2420204609,20180505,X2997
687999.122470582,20140329,3013
941256.4856923842,20180505,X3013
624381.6665881211,20140301,3015
816250.106356849,20180505,X3015
706726.8009394213,20150228,3121
889820.5958512593,20180505,X3121
698038.9304150493,20160604,3204
793896.0298095775,20180505,X3204
710114.0371298146,20150928,3206
859373.6698695802,20180505,X3206
797472.0635430934,20140301,3216
1156640.2861371262,20180505,X3216
669780.7925869966,20150627,3276
788189.6528200908,20180505,X3276
713578.2040343131,20150928,3289
863613.3216504902,20180505,X3289
781273.5726656643,20160528,3327
880715.9957257785,20180505,X3327
816921.2070746385,20151107,3328
1006598.0043578823,20180505,X3328
797308.0878198842,20150314,3335
982855.2760247014,20180505,X3335
809973.6866585532,20150307,3336
995329.7711137115,20180505,X3336
885546.8141627474,20150226,3338
1149571.664155172,20180505,X3338
793631.1166109224,20141018,3341
1087130.1436810375,20180505,X3341
880987.8667632033,20170716,3405
930630.5709508449,20180505,X3405
347256.4886066734,20141008,12952
445025.82269246347,20180505,X12952
384855.33653087163,20150609,12975
479144.9171982237,20180505,X12975
413009.75021280575,20150222,12979
516483.0633152917,20180505,X12979
403189.35944056703,20150624,12991
483896.68413741636,20180505,X12991
390040.9479177042,20141108,12995
512204.06747342926,20180505,X12995
382613.19586104713,20140821,12997
506280.82104010315,20180505,X12997
378029.2473927061,20140122,12998
492806.6523368261,20180505,X12998
413102.79216076457,20161130,13013
463963.8734081311,20180505,X13013
412413.4966570176,20160322,13014
465032.424734177,20180505,X13014
398714.69319172687,20140924,13015
510222.0387097529,20180505,X13015
374584.6636905151,20140815,13016
472834.90346358245,20180505,X13016
423112.61241250904,20160716,13062
503272.6626375422,20180505,X13062
395716.4613230955,20160224,13066
459533.6150814504,20180505,X13066
429783.7749820343,20160922,13070
493978.11215431517,20180505,X13070
378568.86395403923,20140503,13072
482007.3385302553,20180505,X13072
469971.4435602419,20170712,13076
496694.36569325236,20180505,X13076
463479.0657475041,20170710,13077
489697.4862189365,20180505,X13077
509245.51318685286,20170203,13078
544894.7159866422,20180505,X13078
452428.81418717327,20161027,13079
512741.1602377218,20180505,X13079
485979.3284507464,20160530,13082
554827.3657238255,20180505,X13082
511405.24883762136,20160305,13083
597479.3765694769,20180505,X13083
429116.1618553199,20141220,13084
555176.233592193,20180505,X13084
445249.4924557358,20161019,13091
509438.55259725073,20180505,X13091
480466.1213622438,20160519,13092
547516.1597117794,20180505,X13092
430929.6375941289,20141203,13094
548724.6979739298,20180505,X13094
485979.3284507464,20160530,13099
554827.3657238255,20180505,X13099
414223.9842095603,20140818,13100
536709.4628569768,20180505,X13100
484771.3859436005,20160726,13146
550555.2904590663,20180505,X13146
423533.27726716705,20140919,13148
547359.3866710691,20180505,X13148
421440.4188517432,20140711,13149
545279.6533262025,20180505,X13149
438545.8578933643,20140621,13150
549094.823655679,20180505,X13150
438177.2424522741,20140315,13153
572687.2044552478,20180505,X13153
428933.10813633486,20150609,13211
518871.9173395324,20180505,X13211
472682.5850830651,20160416,13217
545572.9153467531,20180505,X13217
429116.1618553199,20141220,13221
555176.233592193,20180505,X13221
495537.8428534258,20170722,13227
523670.2702249587,20180505,X13227
454342.8196397182,20140818,13232
579214.1149336061,20180505,X13232
492543.8730079073,20170302,13275
529729.7146256011,20180505,X13275
467471.1838514186,20150205,13340
572548.524886787,20180505,X13340
509531.55258257344,20170325,13346
542739.0971833776,20180505,X13346
506903.3533628383,20160428,13357
576317.9604757949,20180505,X13357
513078.0188554442,20150613,13358
616638.8744240006,20180505,X13358
595833.3884922258,20170716,13359
631217.2898785785,20180505,X13359
608843.3129902774,20170417,13360
649266.4279854376,20180505,X13360
543428.9057778758,20170523,13366
574084.0965978011,20180505,X13366
480219.8235175661,20140910,13414
609878.507345428,20180505,X13414
570556.6150084251,20150926,13528
693343.4917915815,20180505,X13528
513078.0188554442,20150613,13530
616638.8744240006,20180505,X13530
565909.9816382424,20150613,13542
683863.8431434736,20180505,X13542
671916.2723253219,20141004,13545
959242.7676252174,20180505,X13545
542267.8537840751,20141107,13552
703287.4054932356,20180505,X13552
530996.1432605502,20140515,13587
683090.6308910543,20180505,X13587
558315.8347090351,20140222,13588
734661.0080225685,20180505,X13588
537979.5523596527,20150521,13677
652400.3912586856,20180505,X13677
883841.561720481,20141213,14470
1246869.7749426088,20180505,X14470
902622.7858512225,20141108,14471
1266600.091583077,20180505,X14471
838259.1749066046,20140405,14474
1163381.590578391,20180505,X14474
874942.5718546268,20140322,14475
1253818.1711974973,20180505,X14475
857393.9445274764,20150713,14493
1070400.6100654427,20180505,X14493
940461.4213595437,20150502,14494
1235785.7825729789,20180505,X14494
953767.4274128439,20170309,14496
1046323.3628174891,20180505,X14496
813761.3012887064,20160612,14497
928485.1575948233,20180505,X14497
849515.1406815122,20140412,14500
1206865.50139257,20180505,X14500
917443.5128258594,20140329,14501
1318506.366584124,20180505,X14501
886041.6053624122,20140301,14502
1288108.9523082934,20180505,X14502
856856.6672905757,20140215,14503
1216676.5714960487,20180505,X14503
912243.0148042691,20140128,14504
1317549.6844759702,20180505,X14504
860881.0478382778,20150307,14536
1091091.2137322838,20180505,X14536
906194.404993049,20140503,14537
1299421.1022604918,20180505,X14537
913648.945999111,20160227,14541
1063808.1878721667,20180505,X14541
840834.0793267885,20160719,14542
972286.4764464084,20180505,X14542
750830.2598977162,20160421,14543
849131.0225816077,20180505,X14543
781970.7453071572,20170304,14554
846010.6847614356,20180505,X14554
990218.5826214034,20151212,14556
1237079.7758345031,20180505,X14556
954870.8264891118,20150502,14557
1210332.6030948423,20180505,X14557
904303.5422515386,20160618,14562
1064981.5145148023,20180505,X14562
908662.8794823551,20160611,14563
1067260.4538327102,20180505,X14563
875688.9462669296,20160604,14564
1009351.8226009137,20180505,X14564
926193.3304478782,20160319,14565
1074056.3915911617,20180505,X14565
939650.5086548816,20160206,14566
1103757.0566084299,20180505,X14566
840443.0208395423,20150905,14567
1049292.1003233446,20180505,X14567
870435.5199971857,20150606,14568
1087707.5342616925,20180505,X14568
934736.907962245,20160319,14573
1095872.660862366,20180505,X14573
887356.3763277183,20151130,14575
1111903.1833578956,20180505,X14575
844867.5191695937,20151022,14576
1052715.2523948594,20180505,X14576
979355.0006979522,20151017,14577
1250531.498384812,20180505,X14577
900996.5777468816,20150926,14578
1112857.8786905743,20180505,X14578
952785.1878261358,20141129,14580
1371959.2537883094,20180505,X14580
970381.054678375,20140823,14581
1359487.9414646514,20180505,X14581
931384.9273610893,20161015,14595
1077121.8515955524,20180505,X14595
888651.5472354832,20150414,14597
1151279.9828806492,20180505,X14597
1068101.9055711955,20150214,14598
1467200.1844348416,20180505,X14598
849358.2132947807,20141206,14599
1155730.9345859436,20180505,X14599
988217.4516172166,20140802,14600
1465756.2647187735,20180505,X14600
832816.528334071,20140510,14601
1156352.1618691746,20180505,X14601
897361.3817722515,20160511,14620
1057291.677457873,20180505,X14620
896586.8653397862,20150505,14622
1151003.04589093,20180505,X14622
940461.4213595437,20150502,14623
1235785.7825729789,20180505,X14623
887019.7693706992,20140603,14624
1212347.1642432036,20180505,X14624
1011744.4819737893,20150316,14626
1384781.3301123474,20180505,X14626
869036.0974727939,20140920,14628
1159994.6178136496,20180505,X14628
1064098.4244828988,20140531,14630
1559968.0790046973,20180505,X14630
954859.8089889834,20140322,14631
1375132.6375509773,20180505,X14631
925257.8632837984,20160723,14649
1072907.6991395568,20180505,X14649
802521.431337934,20160430,14650
938500.3551733572,20180505,X14650
910598.1607895381,20141129,14652
1273675.51592482,20180505,X14652
913648.945999111,20160227,14654
1063808.1878721667,20180505,X14654
918676.0053686696,20160629,14656
1059030.3190871794,20180505,X14656
877160.4226965426,20151212,14657
1071877.1801716005,20180505,X14657
897457.8846064298,20141122,14658
1238402.1088252692,20180505,X14658
936072.9876766409,20150625,14681
1172030.6589403276,20180505,X14681
908111.8441541698,20150502,14683
1141616.2535641454,20180505,X14683
975608.2636869978,20170722,14685
1031505.1976801449,20180505,X14685
966493.399873794,20160903,14688
1108819.5530195506,20180505,X14688
927628.1625309485,20160604,14689
1081432.2693409144,20180505,X14689
958047.0878610597,20160416,14690
1113158.8339468513,20180505,X14690
854233.0316285944,20151130,14691
1055752.5497207397,20180505,X14691
889587.3425181179,20151008,14692
1067514.179270863,20180505,X14692
920789.0243252976,20150711,14693
1111560.1675541627,20180505,X14693
989624.1635354637,20160625,14695
1169239.3337938285,20180505,X14695
948013.5975809452,20151107,14697
1181261.3870865793,20180505,X14697
916680.8081331145,20151024,14698
1141725.5140379604,20180505,X14698
979877.8126654174,20151017,14699
1251174.1750168672,20180505,X14699
964482.7032526023,20150912,14700
1169442.205726804,20180505,X14700
970353.4879112352,20150905,14701
1220648.728730955,20180505,X14701
885555.1045953355,20150820,14702
1090186.2716169711,20180505,X14702
937077.2640522533,20150730,14703
1182295.2784747535,20180505,X14703
914053.1019854104,20150725,14704
1137961.6630569922,20180505,X14704
920061.2327098645,20150627,14706
1142438.5423199672,20180505,X14706
965665.4360953709,20150530,14707
1167559.9220146195,20180505,X14707
881275.3508233508,20150418,14708
1088347.0888259201,20180505,X14708
983353.3262785074,20140918,14710
1367932.7138241085,20180505,X14710
888651.5472354832,20150414,14730
1151279.9828806492,20180505,X14730
1068101.9055711955,20150214,14731
1467200.1844348416,20180505,X14731
987972.9671069337,20140802,14732
1462210.2215832064,20180505,X14732
897361.3817722515,20160511,14749
1057291.677457873,20180505,X14749
887510.1865027143,20140603,14750
1209487.133525486,20180505,X14750
878566.3704972086,20161217,14751
988013.2301075273,20180505,X14751
991638.509821686,20160319,14754
1185259.6761937465,20180505,X14754
967723.9128346675,20150611,14755
1274023.4093675117,20180505,X14755
1050993.1663705776,20150508,14756
1347537.9394273115,20180505,X14756
1011744.4819737893,20150316,14757
1384781.3301123474,20180505,X14757
863155.0156931024,20140920,14758
1125774.092059146,20180505,X14758
862631.7817724213,20140628,14759
1130163.8482503563,20180505,X14759
925257.8632837984,20160723,14774
1072907.6991395568,20180505,X14774
990157.9899505385,20141108,14776
1420817.4538307216,20180505,X14776
998810.4722013216,20141011,14777
1442327.6409878226,20180505,X14777
975411.9853686743,20140913,14778
1345537.686934143,20180505,X14778
873379.8570608882,20160220,14779
969436.4629478335,20180505,X14779
971862.4748585612,20170511,14780
1034336.781533448,20180505,X14780
930574.1417561328,20150414,14781
1193553.1702591702,20180505,X14781
982266.9306463193,20170408,14794
1047831.201634583,20180505,X14794
1116897.3207377503,20161029,14795
1306492.7549741364,20180505,X14795
960077.1437788497,20160319,14797
1083502.2269971126,20180505,X14797
933000.3701878818,20150926,14798
1155015.9070938958,20180505,X14798
997987.7112257505,20150321,14799
1284855.8152442167,20180505,X14799
1133019.5176567214,20140222,14800
1628418.628298809,20180505,X14800
982721.519458325,20161022,14802
1141151.8396256946,20180505,X14802
934423.5785527137,20160709,14803
1072070.793953733,20180505,X14803
949750.7735137526,20160618,14804
1110007.7621221757,20180505,X14804
970912.6751995422,20150818,14805
1223348.5071441464,20180505,X14805
947768.6611440635,20150516,14806
1162193.2373849691,20180505,X14806
973157.9812127767,20170330,14809
1029678.3265671432,20180505,X14809
995180.6344283685,20151128,14812
1266335.535167546,20180505,X14812
993693.4581433384,20151024,14813
1227184.1090193745,20180505,X14813
916680.8081331145,20151024,14814
1141725.5140379604,20180505,X14814
932004.3992748839,20150919,14815
1159451.4751169283,20180505,X14815
964482.7032526023,20150912,14816
1169442.205726804,20180505,X14816
973418.8341447193,20150620,14817
1221298.6332459387,20180505,X14817
923051.972108384,20141108,14818
1248052.0573965043,20180505,X14818
947550.1341933826,20151028,14838
1181802.227478253,20180505,X14838
1064802.7997079685,20141108,14840
1489136.0024128112,20180505,X14840
986897.8010919727,20140913,14841
1373012.2775189148,20180505,X14841
997286.7330486653,20140617,14842
1424756.457615794,20180505,X14842
991638.509821686,20160319,14853
1185259.6761937465,20180505,X14853
863155.0156931024,20140920,14854
1125774.092059146,20180505,X14854
1047501.2469884086,20140809,14855
1448516.154269548,20180505,X14855
1022156.5534432357,20140623,14856
1425923.4838935975,20180505,X14856
954418.5192633681,20140429,14857
1358184.7804909057,20180505,X14857
995632.287726085,20140109,14858
1402244.3833042362,20180505,X14858
989294.4723181264,20160411,14873
1164534.9084830706,20180505,X14873
1038280.465584131,20160409,14874
1221416.132475284,20180505,X14874
975201.2770825624,20160405,14875
1142621.6632969503,20180505,X14875
895412.4479993334,20150912,14876
1103153.6827714976,20180505,X14876
1004733.9667409202,20161008,14886
1154970.1661527522,20180505,X14886
964704.3392682112,20150927,14890
1208806.5981859833,20180505,X14890
1077176.488470699,20150824,14891
1346207.0166139465,20180505,X14891
1150158.870633549,20150630,14892
1447874.27575022,20180505,X14892
1104883.1946386786,20150509,14893
1450900.785740045,20180505,X14893
1054924.8179654672,20170617,14895
1110365.035740206,20180505,X14895
1076540.867940397,20161217,14896
1225617.1238440825,20180505,X14896
1049481.1051928347,20160213,14897
1212762.2860328343,20180505,X14897
1063281.6063718728,20170811,14900
1121224.0619233283,20180505,X14900
1092317.323747146,20170408,14901
1165006.1109031097,20180505,X14901
1040583.4788733734,20170304,14902
1126851.6897468457,20180505,X14902
1056378.5940117114,20170225,14903
1146952.7668836757,20180505,X14903
1063084.9249009362,20160917,14904
1221241.981922051,20180505,X14904
966387.8852935076,20160730,14905
1136245.959924075,20180505,X14905
1065834.0893351685,20160428,14906
1267587.9130338416,20180505,X14906
1055353.200832883,20160119,14907
1269697.19482542,20180505,X14907
972080.7187548653,20151212,14908
1207759.3103687332,20180505,X14908
989286.6538816751,20151202,14910
1215852.4067464296,20180505,X14910
1048442.4392407032,20151024,14911
1290488.1541801132,20180505,X14911
1054473.1666986963,20151020,14912
1311387.915469038,20180505,X14912
1031291.2929822445,20150928,14913
1274550.2575693,20180505,X14913
1006990.0518502545,20150902,14914
1252047.5839420045,20180505,X14914
1032754.7672930217,20150801,14915
1285545.786737942,20180505,X14915
1131817.7349617954,20150613,14916
1424062.8457319157,20180505,X14916
955750.1311689249,20150418,14917
1183662.7670238228,20180505,X14917
1074926.1768587884,20141004,14919
1474553.701328594,20180505,X14919
1127961.6258855595,20141206,14938
1652566.6302444565,20180505,X14938
1043884.8788501895,20141118,14939
1406461.9607691644,20180505,X14939
1084294.8409249354,20140919,14940
1496848.6118647528,20180505,X14940
1117503.7633830043,20140517,14941
1576102.0400821797,20180505,X14941
1092104.3757153957,20140222,14943
1531744.713733255,20180505,X14943
965150.7545591434,20170228,14960
1031064.7911408286,20180505,X14960
1088463.9368975759,20170211,14961
1183577.4536029163,20180505,X14961
979765.2429531921,20140926,14963
1283077.8790198069,20180505,X14963
1021307.0671999991,20170318,14980
1098884.4349584926,20180505,X14980
1084327.539977204,20161014,14982
1247883.3347202546,20180505,X14982
1050298.8925687738,20161008,14983
1216250.100590963,20180505,X14983
1028782.3746667135,20161006,14984
1179809.4880860136,20180505,X14984
1022889.346658696,20151212,14985
1242340.4479016687,20180505,X14985
1103567.8998949416,20151017,14986
1377619.6021382464,20180505,X14986
955289.5979462896,20150730,14987
1158508.3949701327,20180505,X14987
1010041.0928554441,20150711,14988
1249573.239351392,20180505,X14988
969129.1895585428,20150616,14989
1232219.522615053,20180505,X14989
975560.8497065349,20141107,14990
1306939.5932510085,20180505,X14990
1187795.863376648,20171028,14995
1251614.8883646314,20180505,X14995
1205876.0994725528,20170429,14997
1290604.039762833,20180505,X14997
1122562.0230651244,20161127,14998
1294533.0530932364,20180505,X14998
1165745.246092418,20160430,14999
1383571.2656193562,20180505,X14999
1201425.1145373008,20160407,15000
1435205.89337048,20180505,X15000
1119973.4787690027,20160317,15002
1331308.89277737,20180505,X15002
1180931.7333253536,20151212,15003
1474528.6691582333,20180505,X15003
1218161.5619088374,20151205,15004
1532189.1262385026,20180505,X15004
1148717.1429461753,20151114,15005
1435746.2951583478,20180505,X15005
1122996.822294346,20150926,15006
1374673.855387889,20180505,X15006
1146709.620654599,20150314,15007
1467438.473889231,20180505,X15007
1235345.0403835075,20141206,15008
1692438.0509380158,20180505,X15008
1159746.280833161,20140526,15009
1620134.237824313,20180505,X15009
1112906.841623587,20170617,15014
1171319.8390036942,20180505,X15014
1154602.8922322977,20170401,15015
1223361.615500678,20180505,X15015
1089016.3463859195,20170527,15017
1145742.0917259639,20180505,X15017
1221542.1455439155,20170422,15018
1305322.882355719,20180505,X15018
1213873.4056694887,20170218,15019
1309347.1234984358,20180505,X15019
1117826.2089793182,20161029,15020
1286724.5314512132,20180505,X15020
1210273.4005617613,20161008,15021
1393602.3641956171,20180505,X15021
1098493.8749857394,20160909,15022
1247288.6060387294,20180505,X15022
1129065.9883947296,20160625,15023
1330541.1432454828,20180505,X15023
1065834.0893351685,20160428,15024
1267587.9130338416,20180505,X15024
1130738.2165510918,20151118,15025
1410130.70105343,20180505,X15025
1048442.4392407032,20151024,15026
1290488.1541801132,20180505,X15026
1197425.870880411,20150613,15027
1527791.4058679494,20180505,X15027
1131817.7349617954,20150613,15028
1424062.8457319157,20180505,X15028
1073487.2368049882,20150502,15029
1317543.591787735,20180505,X15029
1037529.1781471715,20141113,15030
1426526.5632330596,20180505,X15030
1026064.3522196123,20170322,15052
1086958.3561139244,20180505,X15052
1187608.3327589242,20140830,15053
1628770.3598015858,20180505,X15053
1161040.5317071937,20140614,15054
1588436.8603016548,20180505,X15054
1207592.1239509915,20160723,15072
1421525.8463998374,20180505,X15072
1171948.7808289665,20150808,15073
1473429.6051792658,20180505,X15073
1131501.3520567885,20170513,15075
1197407.763053304,20180505,X15075
1069937.132180589,20161126,15076
1206246.4213448598,20180505,X15076
1084327.539977204,20161014,15080
1247883.3347202546,20180505,X15080
1223020.7182706178,20160625,15081
1445001.2234160018,20180505,X15081
1075057.587071578,20160309,15082
1265343.6334019937,20180505,X15082
1022889.346658696,20151212,15083
1242340.4479016687,20180505,X15083
1000413.9927399034,20170527,15093
1048625.606079239,20180505,X15093
1114526.2411690042,20161211,15094
1254906.2977514088,20180505,X15094
1259592.2790095948,20161015,15095
1450941.8376566116,20180505,X15095
1170082.328554164,20160820,15096
1356401.9393035884,20180505,X15096
1201425.1145373008,20160407,15097
1435205.89337048,20180505,X15097
1211728.5433908913,20151114,15098
1506608.9976563037,20180505,X15098
1201289.6287419905,20151017,15099
1496853.4352887806,20180505,X15099
1113309.0169022277,20150905,15100
1382182.3426695596,20180505,X15100
1186839.2913704484,20150829,15101
1483123.3479601282,20180505,X15101
1190914.7630363712,20150725,15105
1493051.7568698525,20180505,X15105
1201713.9728687487,20170614,15107
1264916.2406470869,20180505,X15107
1198093.1030273247,20170603,15108
1261192.3263062295,20180505,X15108
1175152.8330367499,20170527,15109
1237282.7732728738,20180505,X15109
1213873.4056694887,20170218,15110
1309347.1234984358,20180505,X15110
1309499.3065684654,20160227,15112
1544954.465502224,20180505,X15112
1255687.7658729502,20151214,15113
1544815.1713133168,20180505,X15113
1130738.2165510918,20151118,15114
1410130.70105343,20180505,X15114
1238559.3327128529,20150919,15115
1545004.894901498,20180505,X15115
1225706.175978162,20150829,15116
1522294.4270093965,20180505,X15116
1043318.4893904617,20150711,15117
1272137.1073128784,20180505,X15117
1256242.195848991,20141121,15118
1685019.02399082,20180505,X15118
1140708.1959330856,20170513,15138
1209263.5239453379,20180505,X15138
1201830.0693788885,20150801,15139
1494818.8640002245,20180505,X15139
1140691.8360574397,20150829,15148
1428458.8454808455,20180505,X15148
1213338.675334424,20161126,15151
1396372.2150793308,20180505,X15151
1283661.5307636382,20160305,15152
1511294.4704006035,20180505,X15152
1239507.7574744308,20150411,15153
1558963.3891824873,20180505,X15153
1268378.6084366592,20150327,15154
1629109.252514137,20180505,X15154
1163325.8761004398,20141208,15155
1548026.038627107,20180505,X15155
1349478.5732264991,20170225,15165
1464886.4902782983,20180505,X15165
1244039.2291344006,20161203,15166
1408274.6433296755,20180505,X15166
1317797.162888753,20161015,15167
1510205.3513031893,20180505,X15167
1360634.9617616567,20160903,15168
1609236.4517125,20180505,X15168
1399366.4470973618,20160827,15169
1612381.160604487,20180505,X15169
1132955.3855210694,20160806,15170
1272501.9075053793,20180505,X15170
1287870.2270639753,20160312,15171
1513174.96917302,20180505,X15171
1321322.9580673773,20150704,15172
1631777.2823714241,20180505,X15172
1310779.480204425,20150613,15173
1668407.0214042368,20180505,X15173
1479347.007003661,20150328,15174
1840461.5265949145,20180505,X15174
1369364.0196151908,20150304,15175
1729168.3199355218,20180505,X15175
1361285.5100607362,20140531,15176
1863008.9781811042,20180505,X15176
1299887.8601986342,20170708,15183
1367103.1398644024,20180505,X15183
1312080.9913867828,20170624,15184
1380598.9020546174,20180505,X15184
1317677.284847201,20160730,15186
1551571.2588561485,20180505,X15186
1323339.8406456162,20160409,15187
1557419.4079140334,20180505,X15187
1333494.6631537129,20150926,15188
1625579.9961595752,20180505,X15188
1447154.0784395502,20170513,15197
1543071.6524006922,20180505,X15197
1356458.7178300067,20150718,15199
1664092.2141722685,20180505,X15199
1322810.6754342753,20141213,15200
1702532.9814197544,20180505,X15200
1235749.0955504617,20161112,15208
1393417.761579938,20180505,X15208
1330708.881791455,20170325,15211
1434880.5683832131,20180505,X15211
1231914.530945195,20161117,15212
1410434.4386546926,20180505,X15212
1337795.6681172547,20160430,15213
1587860.2828086198,20180505,X15213
1273977.897326478,20151017,15214
1582929.7372076467,20180505,X15214
1242570.15306048,20150502,15215
1554148.0973767973,20180505,X15215
1443299.5661574723,20170708,15223
1519122.1245478985,20180505,X15223
1440147.2723616397,20161203,15224
1629096.5815550592,20180505,X15224
1467513.2159166504,20161119,15225
1661635.367445492,20180505,X15225
1515940.3858124763,20150815,15226
1840836.4766869869,20180505,X15226
1319670.9087136837,20150523,15227
1603013.3344332573,20180505,X15227
1263381.813864057,20170429,15229
1320118.0292714657,20180505,X15229
1436277.129136445,20161230,15230
1625679.8052588087,20180505,X15230
1353667.1649188672,20170909,15231
1424242.8673293414,20180505,X15231
1344643.977034774,20151017,15234
1640790.8526758484,20180505,X15234
1177331.907888722,20150321,15235
1378481.001810408,20180505,X15235
1369714.2163726192,20170225,15248
1465481.1108358402,20180505,X15248
1286850.73534069,20170720,15250
1351741.8130432984,20180505,X15250
1462140.4058037067,20160430,15251
1730495.831271102,20180505,X15251
1674963.519877725,20171202,15256
1766033.9426838232,20180505,X15256
1495847.162415393,20170708,15258
1575212.9818344035,20180505,X15258
1432840.441257194,20151211,15266
1701577.5831852313,20180505,X15266
1358543.113887069,20151107,15267
1592603.3054788474,20180505,X15267
1358974.808644692,20141115,15268
1719587.8567982668,20180505,X15268
1572072.4917575952,20170506,15272
1672399.3543222537,20180505,X15272
1564684.5013763004,20170325,15275
1633243.7643567305,20180505,X15275
1664512.2006964444,20161112,15276
1858773.0774387438,20180505,X15276
1652222.8360885123,20161007,15277
1847325.8331745223,20180505,X15277
1553596.076433421,20151205,15278
1854915.694875501,20180505,X15278
1228163.0526768917,20161119,15282
1347909.828954175,20180505,X15282
1480407.0996943011,20161107,15283
1637367.8378639072,20180505,X15283
1717371.9646367112,20160609,15284
1937758.2828079073,20180505,X15284
1359766.7896161263,20151107,15285
1596678.8194582006,20180505,X15285
1521759.3743761536,20170715,15292
1597678.3414204556,20180505,X15292
1408671.8689813074,20170530,15293
1476279.9155217167,20180505,X15293
1686209.9753717596,20161202,15294
1878583.8633631116,20180505,X15294
1630814.8316521754,20161210,15297
1815598.61358494,20180505,X15297
1663723.2070092454,20161112,15298
1857900.587579115,20180505,X15298
1673071.645814739,20151128,15299
2033363.181676386,20180505,X15299
1678458.4935583149,20170624,15303
1763577.7700211818,20180505,X15303
1689192.835003964,20161202,15308
1879345.9196799938,20180505,X15308
1734159.03517764,20160917,15325
1883676.6643587537,20180505,X15325
1812043.0308708642,20170520,15327
1897956.6963923846,20180505,X15327
428933.24492281507,20170722,15427
455211.31003717816,20180505,X15427
352849.0059832409,20150808,15433
425820.60635295976,20180505,X15433
403659.764108823,20160819,15440
450603.1583180682,20180505,X15440
410606.1986632783,20160725,15442
488179.26877062785,20180505,X15442
359196.72916644136,20150120,15453
417472.43227062136,20180505,X15453
471312.6089420496,20170713,15556
500437.2768419757,20180505,X15556
425719.6057142622,20160222,15559
483985.6589114918,20180505,X15559
359196.72916644136,20150120,15576
417472.43227062136,20180505,X15576
391067.9560629865,20140415,15584
490475.4499460409,20180505,X15584
402520.53693548666,20151122,15672
487303.52951736207,20180505,X15672
440968.1210109813,20150908,15674
598659.0694138982,20180505,X15674
395749.9322674374,20140501,15675
539981.4616197894,20180505,X15675
438643.8462082804,20160802,15685
498265.7045497175,20180505,X15685
425719.6057142622,20160222,15686
483985.6589114918,20180505,X15686
490564.33778037986,20170210,15696
522532.3444616773,20180505,X15696
410858.2280371787,20161103,15698
468571.9387093359,20180505,X15698
441675.17763643153,20150630,15703
546658.356138961,20180505,X15703
424180.808303275,20140921,15710
551414.4324871252,20180505,X15710
414189.1912502783,20151208,15796
505736.4448282634,20180505,X15796
402520.53693548666,20151122,15798
487303.52951736207,20180505,X15798
439813.42556356377,20150718,15816
529406.1487389579,20180505,X15816
469480.14692042494,20140821,15838
632598.7262575765,20180505,X15838
539200.5476127047,20140318,15840
769838.8159873857,20180505,X15840
462487.4543322665,20140315,15841
611486.7517176927,20180505,X15841
476748.26820351026,20140208,15842
658271.2656721525,20180505,X15842
517654.70792843844,20140829,15909
724253.7649611952,20180505,X15909
507218.0882092158,20140726,15910
707282.3900815925,20180505,X15910
498401.57502729,20161206,15918
565246.4439090723,20180505,X15918
593746.6442765896,20141004,15923
801493.6433032196,20180505,X15923
525061.5121710729,20160721,15928
585291.0248636118,20180505,X15928
522872.49137154897,20150314,15934
645259.9663027031,20180505,X15934
503861.10292682674,20150224,15935
607350.4294398805,20180505,X15935
551497.2304899347,20140728,15938
742358.199471578,20180505,X15938
528219.9833380887,20140530,15940
715744.2576703861,20180505,X15940
514532.3683576701,20151128,16026
620849.644325374,20180505,X16026
499842.10087975924,20150725,16028
605085.3124804543,20180505,X16028
602881.7296786456,20160430,16048
692586.3014399069,20180505,X16048
596942.2761016953,20150912,16052
719376.2976720603,20180505,X16052
565737.1529118257,20141127,16056
732374.5218071468,20180505,X16056
568738.4693315012,20160413,16063
653837.4662418878,20180505,X16063
585231.4764694372,20151009,16066
700280.7055610901,20180505,X16066
545161.9113304886,20150228,16067
672144.4870987496,20180505,X16067
504045.08067123796,20150224,16068
607583.0329866619,20180505,X16068
524611.3112128801,20141124,16070
694243.5789466653,20180505,X16070
620768.1984013946,20140628,16073
814761.748757468,20180505,X16073
548419.4310116487,20140616,16074
723994.8461721126,20180505,X16074
588537.3275622077,20140509,16076
793141.6830635796,20180505,X16076
635488.9371519646,20140305,16077
875910.7615583661,20180505,X16077
573672.8644683912,20161127,16199
644959.7024016447,20180505,X16199
631732.897321811,20160801,16203
731769.9342585377,20180505,X16203
554728.9716168576,20141220,16206
722790.5680685468,20180505,X16206
611590.8711256235,20141018,16208
794670.0151485194,20180505,X16208
628956.2367326645,20140220,16212
929330.5350109724,20180505,X16212
673155.747770188,20170617,16226
710028.5607993398,20180505,X16226
573897.8517333673,20161112,16229
646625.3103610916,20180505,X16229
616758.219839332,20160928,16231
702393.016412395,20180505,X16231
656828.6281363373,20160827,16232
746192.2573156141,20180505,X16232
619503.1774492307,20160730,16233
698129.7775683897,20180505,X16233
602881.7296786456,20160430,16234
692586.3014399069,20180505,X16234
577661.7910224228,20160227,16236
666503.4649172063,20180505,X16236
596942.2761016953,20150912,16239
719376.2976720603,20180505,X16239
598602.302000988,20150808,16240
721264.6411993258,20180505,X16240
565737.1529118257,20141127,16243
732374.5218071468,20180505,X16243
588396.5350075717,20141107,16244
770329.6544133505,20180505,X16244
627118.5415383341,20150202,16250
761097.5659227208,20180505,X16250
681702.5757182455,20141214,16251
934118.6998863692,20180505,X16251
637348.191447636,20141122,16253
833007.0535487784,20180505,X16253
681838.3329426827,20140927,16256
909551.0178183833,20180505,X16256
653302.9836188549,20140707,16257
876959.4851764234,20180505,X16257
620768.1984013946,20140628,16258
814761.748757468,20180505,X16258
608814.4946477591,20140607,16259
804369.1449570429,20180505,X16259
676128.1609494196,20140531,16260
988760.9413879722,20180505,X16260
600073.5583920627,20140524,16263
818978.0832255279,20180505,X16263
640231.4052337968,20140405,16264
837610.9895067293,20180505,X16264
635488.9371519646,20140305,16266
875910.7615583661,20180505,X16266
718364.540263555,20140109,16267
1076357.0489958643,20180505,X16267
606003.3182276301,20161210,16343
683197.6375570142,20180505,X16343
567743.2282418244,20141115,16347
741549.1792023572,20180505,X16347
611590.8711256235,20141018,16349
794670.0151485194,20180505,X16349
674128.0974485986,20161119,16359
753136.4223350898,20180505,X16359
684967.4035373568,20160220,16363
777163.4292082229,20180505,X16363
704261.2740220363,20150919,16364
815370.05514458,20180505,X16364
638025.156720858,20150530,16366
773052.551991728,20180505,X16366
606052.566918437,20150316,16368
733980.4519573651,20180505,X16368
716648.5902802288,20150104,16369
895389.5818242062,20180505,X16369
655251.1800784402,20141025,16371
868829.0547739287,20180505,X16371
687929.2539703858,20170715,16374
725854.129262176,20180505,X16374
726448.6108657173,20170304,16376
783125.880821174,20180505,X16376
647080.7464441053,20170226,16377
704909.1320056445,20180505,X16377
619729.7509914465,20160917,16378
701082.3025302729,20180505,X16378
659227.888866342,20151211,16380
785329.4899172435,20180505,X16380
590829.7808473565,20151203,16381
694445.076743881,20180505,X16381
609971.8826936469,20150406,16384
718660.6359964715,20180505,X16384
622412.4997036505,20150211,16385
768015.9544006824,20180505,X16385
658121.5078242674,20140825,16389
881634.7204451539,20180505,X16389
680708.7851234237,20140619,16391
935597.0977360355,20180505,X16391
714684.7805235753,20140614,16392
999532.4464767842,20180505,X16392
748151.0425833334,20140510,16394
1078365.3253873596,20180505,X16394
685009.1754333791,20140505,16396
940447.2218239168,20180505,X16396
671521.5614743877,20170513,16458
707605.5804975234,20180505,X16458
657702.4172295436,20170318,16460
703202.1220896895,20180505,X16460
663823.245964197,20170106,16461
704021.0866097105,20180505,X16461
723021.0350491293,20160507,16463
811788.2422157539,20180505,X16463
667355.8518933564,20160227,16465
756294.6857365854,20180505,X16465
676768.2693300641,20160716,16483
757932.3937465596,20180505,X16483
684967.4035373568,20160220,16484
777163.4292082229,20180505,X16484
708090.7606918328,20151024,16485
871495.5164690776,20180505,X16485
685226.3606892795,20150617,16486
821651.3447795012,20180505,X16486
664378.3644161909,20150523,16487
780080.2781870324,20180505,X16487
712331.5529736038,20150225,16488
922276.7613947863,20180505,X16488
655251.1800784402,20141025,16493
868829.0547739287,20180505,X16493
721751.8222929653,20140823,16494
1015067.1176179828,20180505,X16494
703303.1430385333,20150211,16509
874958.2863997393,20180505,X16509
775248.3410687606,20150127,16510
1036004.595059944,20180505,X16510
757500.828154949,20140816,16511
1051454.9372532135,20180505,X16511
792866.6072129573,20140612,16512
1182558.9228715664,20180505,X16512
712657.0174853193,20140502,16513
943532.028645042,20180505,X16513
776452.9702460286,20140412,16514
1106075.3593213847,20180505,X16514
751658.0596315569,20140408,16515
1090292.1735880035,20180505,X16515
784787.3530750122,20170519,16563
831356.2142023068,20180505,X16563
617707.2107244654,20151107,16568
723560.952751548,20180505,X16568
655241.5579103929,20150418,16571
783817.5918055287,20180505,X16571
796223.251913831,20140830,16572
1147607.262485699,20180505,X16572
732403.731681074,20160820,16585
826338.4125028717,20180505,X16585
766393.8596171133,20160712,16586
880845.5164491758,20180505,X16586
785486.5180239221,20150407,16588
993592.4372556875,20180505,X16588
791739.0471549813,20160430,16593
912947.3365005631,20180505,X16593
704587.402759641,20151018,16594
832955.8579185657,20180505,X16594
792561.4668315268,20150923,16596
991574.5221408335,20180505,X16596
738962.0263719973,20150618,16597
910550.1258719129,20180505,X16597
825811.471398193,20141011,16598
1159864.0776332796,20180505,X16598
735931.3196170587,20140924,16599
1029989.4050519356,20180505,X16599
780888.9106587647,20140405,16602
1114006.1329123985,20180505,X16602
707399.8203619573,20170616,16641
745066.9162724252,20180505,X16641
784787.3530750122,20170519,16642
831356.2142023068,20180505,X16642
740206.6325311605,20170225,16643
774976.6809752287,20180505,X16643
766896.151421867,20150418,16646
962938.0181269153,20180505,X16646
810868.5450364286,20140308,16648
1150957.277295829,20180505,X16648
858753.9657651406,20150410,16658
1109466.302242805,20180505,X16658
739291.1402324383,20170324,16664
774919.3550091786,20180505,X16664
797891.6344527812,20140507,16670
1108661.8078849884,20180505,X16670
760969.3039182319,20160628,16704
859274.0331155361,20180505,X16704
879043.6550401874,20160220,16705
1057499.9885734692,20180505,X16705
802395.249886803,20150509,16706
970227.8040487509,20180505,X16706
790325.482450671,20140326,16709
1114139.0168275752,20180505,X16709
810256.3457489944,20140308,16710
1150127.243840307,20180505,X16710
814657.6818334294,20160910,16720
905616.4642744694,20180505,X16720
924601.6250288304,20160409,16722
1096913.2435567405,20180505,X16722
830792.1626825602,20151206,16723
1028130.9241706086,20180505,X16723
831422.0550469505,20171124,16731
873922.6459801387,20180505,X16731
811457.623364523,20150612,16735
984246.3149164444,20180505,X16735
856768.1838955665,20150328,16736
1134945.7408970585,20180505,X16736
893686.4512837214,20160820,16767
1022229.2832553888,20180505,X16767
921362.2061808686,20160506,16769
1097850.0185112238,20180505,X16769
830867.6234860029,20150926,16770
994309.4919804968,20180505,X16770
825801.0901853574,20150514,16771
1049430.6158303344,20180505,X16771
873115.1489708107,20150509,16772
1094175.9176860752,20180505,X16772
939850.0520669948,20141122,16773
1306247.9869912576,20180505,X16773
923924.3374255584,20160426,16776
1106779.1769760323,20180505,X16776
953238.0318724405,20140403,16780
1391339.8594547508,20180505,X16780
888591.7667899183,20160521,16798
1045765.3099867628,20180505,X16798
937722.5538732096,20170325,16801
994517.7984976022,20180505,X16801
878655.7493025434,20161215,16802
992245.4515607286,20180505,X16802
990104.6081776349,20180505,17098
990104.6081776349,20180505,X17098
477496.2376179945,20180507,17099
477490.51274218207,20180505,X17099
485892.23474373814,20180507,17100
485886.4122820651,20180505,X17100
