Product code,Bureau of Meteorology station number,Year,Month,Day,Minimum temperature (Degree C),Days of accumulation of minimum temperature,Quality
IDCJAC0011,086338,2013,01,01,,,
IDCJAC0011,086338,2013,01,02,,,
IDCJAC0011,086338,2013,01,03,,,
IDCJAC0011,086338,2013,01,04,,,
IDCJAC0011,086338,2013,01,05,,,
IDCJAC0011,086338,2013,01,06,,,
IDCJAC0011,086338,2013,01,07,,,
IDCJAC0011,086338,2013,01,08,,,
IDCJAC0011,086338,2013,01,09,,,
IDCJAC0011,086338,2013,01,10,,,
IDCJAC0011,086338,2013,01,11,,,
IDCJAC0011,086338,2013,01,12,,,
IDCJAC0011,086338,2013,01,13,,,
IDCJAC0011,086338,2013,01,14,,,
IDCJAC0011,086338,2013,01,15,,,
IDCJAC0011,086338,2013,01,16,,,
IDCJAC0011,086338,2013,01,17,,,
IDCJAC0011,086338,2013,01,18,,,
IDCJAC0011,086338,2013,01,19,,,
IDCJAC0011,086338,2013,01,20,,,
IDCJAC0011,086338,2013,01,21,,,
IDCJAC0011,086338,2013,01,22,,,
IDCJAC0011,086338,2013,01,23,,,
IDCJAC0011,086338,2013,01,24,,,
IDCJAC0011,086338,2013,01,25,,,
IDCJAC0011,086338,2013,01,26,,,
IDCJAC0011,086338,2013,01,27,,,
IDCJAC0011,086338,2013,01,28,,,
IDCJAC0011,086338,2013,01,29,,,
IDCJAC0011,086338,2013,01,30,,,
IDCJAC0011,086338,2013,01,31,,,
IDCJAC0011,086338,2013,02,01,,,
IDCJAC0011,086338,2013,02,02,,,
IDCJAC0011,086338,2013,02,03,,,
IDCJAC0011,086338,2013,02,04,,,
IDCJAC0011,086338,2013,02,05,,,
IDCJAC0011,086338,2013,02,06,,,
IDCJAC0011,086338,2013,02,07,,,
IDCJAC0011,086338,2013,02,08,,,
IDCJAC0011,086338,2013,02,09,,,
IDCJAC0011,086338,2013,02,10,,,
IDCJAC0011,086338,2013,02,11,,,
IDCJAC0011,086338,2013,02,12,,,
IDCJAC0011,086338,2013,02,13,,,
IDCJAC0011,086338,2013,02,14,,,
IDCJAC0011,086338,2013,02,15,,,
IDCJAC0011,086338,2013,02,16,,,
IDCJAC0011,086338,2013,02,17,,,
IDCJAC0011,086338,2013,02,18,,,
IDCJAC0011,086338,2013,02,19,,,
IDCJAC0011,086338,2013,02,20,,,
IDCJAC0011,086338,2013,02,21,,,
IDCJAC0011,086338,2013,02,22,,,
IDCJAC0011,086338,2013,02,23,,,
IDCJAC0011,086338,2013,02,24,,,
IDCJAC0011,086338,2013,02,25,,,
IDCJAC0011,086338,2013,02,26,,,
IDCJAC0011,086338,2013,02,27,,,
IDCJAC0011,086338,2013,02,28,,,
IDCJAC0011,086338,2013,03,01,,,
IDCJAC0011,086338,2013,03,02,,,
IDCJAC0011,086338,2013,03,03,,,
IDCJAC0011,086338,2013,03,04,,,
IDCJAC0011,086338,2013,03,05,,,
IDCJAC0011,086338,2013,03,06,,,
IDCJAC0011,086338,2013,03,07,,,
IDCJAC0011,086338,2013,03,08,,,
IDCJAC0011,086338,2013,03,09,,,
IDCJAC0011,086338,2013,03,10,,,
IDCJAC0011,086338,2013,03,11,,,
IDCJAC0011,086338,2013,03,12,,,
IDCJAC0011,086338,2013,03,13,,,
IDCJAC0011,086338,2013,03,14,,,
IDCJAC0011,086338,2013,03,15,,,
IDCJAC0011,086338,2013,03,16,,,
IDCJAC0011,086338,2013,03,17,,,
IDCJAC0011,086338,2013,03,18,,,
IDCJAC0011,086338,2013,03,19,,,
IDCJAC0011,086338,2013,03,20,,,
IDCJAC0011,086338,2013,03,21,,,
IDCJAC0011,086338,2013,03,22,,,
IDCJAC0011,086338,2013,03,23,,,
IDCJAC0011,086338,2013,03,24,,,
IDCJAC0011,086338,2013,03,25,,,
IDCJAC0011,086338,2013,03,26,,,
IDCJAC0011,086338,2013,03,27,,,
IDCJAC0011,086338,2013,03,28,,,
IDCJAC0011,086338,2013,03,29,,,
IDCJAC0011,086338,2013,03,30,,,
IDCJAC0011,086338,2013,03,31,,,
IDCJAC0011,086338,2013,04,01,,,
IDCJAC0011,086338,2013,04,02,,,
IDCJAC0011,086338,2013,04,03,,,
IDCJAC0011,086338,2013,04,04,,,
IDCJAC0011,086338,2013,04,05,,,
IDCJAC0011,086338,2013,04,06,,,
IDCJAC0011,086338,2013,04,07,,,
IDCJAC0011,086338,2013,04,08,,,
IDCJAC0011,086338,2013,04,09,,,
IDCJAC0011,086338,2013,04,10,,,
IDCJAC0011,086338,2013,04,11,,,
IDCJAC0011,086338,2013,04,12,,,
IDCJAC0011,086338,2013,04,13,,,
IDCJAC0011,086338,2013,04,14,,,
IDCJAC0011,086338,2013,04,15,,,
IDCJAC0011,086338,2013,04,16,,,
IDCJAC0011,086338,2013,04,17,,,
IDCJAC0011,086338,2013,04,18,,,
IDCJAC0011,086338,2013,04,19,,,
IDCJAC0011,086338,2013,04,20,,,
IDCJAC0011,086338,2013,04,21,,,
IDCJAC0011,086338,2013,04,22,,,
IDCJAC0011,086338,2013,04,23,,,
IDCJAC0011,086338,2013,04,24,,,
IDCJAC0011,086338,2013,04,25,,,
IDCJAC0011,086338,2013,04,26,,,
IDCJAC0011,086338,2013,04,27,,,
IDCJAC0011,086338,2013,04,28,,,
IDCJAC0011,086338,2013,04,29,,,
IDCJAC0011,086338,2013,04,30,,,
IDCJAC0011,086338,2013,05,01,,,
IDCJAC0011,086338,2013,05,02,,,
IDCJAC0011,086338,2013,05,03,,,
IDCJAC0011,086338,2013,05,04,,,
IDCJAC0011,086338,2013,05,05,,,
IDCJAC0011,086338,2013,05,06,,,
IDCJAC0011,086338,2013,05,07,,,
IDCJAC0011,086338,2013,05,08,,,
IDCJAC0011,086338,2013,05,09,,,
IDCJAC0011,086338,2013,05,10,,,
IDCJAC0011,086338,2013,05,11,,,
IDCJAC0011,086338,2013,05,12,,,
IDCJAC0011,086338,2013,05,13,,,
IDCJAC0011,086338,2013,05,14,,,
IDCJAC0011,086338,2013,05,15,,,
IDCJAC0011,086338,2013,05,16,,,
IDCJAC0011,086338,2013,05,17,,,
IDCJAC0011,086338,2013,05,18,,,
IDCJAC0011,086338,2013,05,19,,,
IDCJAC0011,086338,2013,05,20,,,
IDCJAC0011,086338,2013,05,21,,,
IDCJAC0011,086338,2013,05,22,,,
IDCJAC0011,086338,2013,05,23,,,
IDCJAC0011,086338,2013,05,24,,,
IDCJAC0011,086338,2013,05,25,,,
IDCJAC0011,086338,2013,05,26,,,
IDCJAC0011,086338,2013,05,27,,,
IDCJAC0011,086338,2013,05,28,,,
IDCJAC0011,086338,2013,05,29,,,
IDCJAC0011,086338,2013,05,30,,,
IDCJAC0011,086338,2013,05,31,,,
IDCJAC0011,086338,2013,06,01,,,
IDCJAC0011,086338,2013,06,02,10.4,1,N
IDCJAC0011,086338,2013,06,03,10.7,1,Y
IDCJAC0011,086338,2013,06,04,11.1,1,Y
IDCJAC0011,086338,2013,06,05,11.9,1,Y
IDCJAC0011,086338,2013,06,06,12.6,1,Y
IDCJAC0011,086338,2013,06,07,10.9,1,Y
IDCJAC0011,086338,2013,06,08,5.0,1,Y
IDCJAC0011,086338,2013,06,09,5.3,1,Y
IDCJAC0011,086338,2013,06,10,6.5,1,Y
IDCJAC0011,086338,2013,06,11,10.2,1,Y
IDCJAC0011,086338,2013,06,12,8.7,1,Y
IDCJAC0011,086338,2013,06,13,10.8,1,Y
IDCJAC0011,086338,2013,06,14,11.3,1,Y
IDCJAC0011,086338,2013,06,15,8.2,1,Y
IDCJAC0011,086338,2013,06,16,7.0,1,Y
IDCJAC0011,086338,2013,06,17,6.0,1,Y
IDCJAC0011,086338,2013,06,18,7.9,1,Y
IDCJAC0011,086338,2013,06,19,3.7,1,Y
IDCJAC0011,086338,2013,06,20,2.4,1,Y
IDCJAC0011,086338,2013,06,21,2.9,1,Y
IDCJAC0011,086338,2013,06,22,2.4,1,Y
IDCJAC0011,086338,2013,06,23,1.3,1,Y
IDCJAC0011,086338,2013,06,24,1.8,1,Y
IDCJAC0011,086338,2013,06,25,3.5,1,Y
IDCJAC0011,086338,2013,06,26,2.8,1,Y
IDCJAC0011,086338,2013,06,27,4.6,1,Y
IDCJAC0011,086338,2013,06,28,7.0,1,Y
IDCJAC0011,086338,2013,06,29,6.6,1,Y
IDCJAC0011,086338,2013,06,30,5.2,1,Y
IDCJAC0011,086338,2013,07,01,7.9,1,Y
IDCJAC0011,086338,2013,07,02,12.3,1,Y
IDCJAC0011,086338,2013,07,03,9.5,1,Y
IDCJAC0011,086338,2013,07,04,9.6,1,Y
IDCJAC0011,086338,2013,07,05,9.0,1,Y
IDCJAC0011,086338,2013,07,06,9.8,1,Y
IDCJAC0011,086338,2013,07,07,6.5,1,Y
IDCJAC0011,086338,2013,07,08,4.3,1,Y
IDCJAC0011,086338,2013,07,09,3.0,1,Y
IDCJAC0011,086338,2013,07,10,3.0,1,Y
IDCJAC0011,086338,2013,07,11,4.0,1,Y
IDCJAC0011,086338,2013,07,12,4.9,1,Y
IDCJAC0011,086338,2013,07,13,7.9,1,Y
IDCJAC0011,086338,2013,07,14,11.0,1,Y
IDCJAC0011,086338,2013,07,15,12.3,1,Y
IDCJAC0011,086338,2013,07,16,9.8,1,Y
IDCJAC0011,086338,2013,07,17,10.0,1,Y
IDCJAC0011,086338,2013,07,18,11.0,1,Y
IDCJAC0011,086338,2013,07,19,14.3,1,Y
IDCJAC0011,086338,2013,07,20,7.8,1,Y
IDCJAC0011,086338,2013,07,21,5.5,1,Y
IDCJAC0011,086338,2013,07,22,6.2,1,Y
IDCJAC0011,086338,2013,07,23,8.3,1,Y
IDCJAC0011,086338,2013,07,24,10.3,1,Y
IDCJAC0011,086338,2013,07,25,3.8,1,Y
IDCJAC0011,086338,2013,07,26,7.1,1,Y
IDCJAC0011,086338,2013,07,27,8.8,1,Y
IDCJAC0011,086338,2013,07,28,10.7,1,Y
IDCJAC0011,086338,2013,07,29,12.0,1,Y
IDCJAC0011,086338,2013,07,30,10.1,1,Y
IDCJAC0011,086338,2013,07,31,3.3,1,Y
IDCJAC0011,086338,2013,08,01,5.7,1,Y
IDCJAC0011,086338,2013,08,02,7.6,1,Y
IDCJAC0011,086338,2013,08,03,7.1,1,Y
IDCJAC0011,086338,2013,08,04,7.7,1,Y
IDCJAC0011,086338,2013,08,05,9.6,1,Y
IDCJAC0011,086338,2013,08,06,11.2,1,Y
IDCJAC0011,086338,2013,08,07,6.7,1,Y
IDCJAC0011,086338,2013,08,08,6.5,1,Y
IDCJAC0011,086338,2013,08,09,8.0,1,Y
IDCJAC0011,086338,2013,08,10,9.1,1,Y
IDCJAC0011,086338,2013,08,11,8.3,1,Y
IDCJAC0011,086338,2013,08,12,10.9,1,Y
IDCJAC0011,086338,2013,08,13,7.9,1,Y
IDCJAC0011,086338,2013,08,14,11.2,1,Y
IDCJAC0011,086338,2013,08,15,7.5,1,Y
IDCJAC0011,086338,2013,08,16,10.0,1,Y
IDCJAC0011,086338,2013,08,17,9.1,1,Y
IDCJAC0011,086338,2013,08,18,10.0,1,Y
IDCJAC0011,086338,2013,08,19,7.3,1,Y
IDCJAC0011,086338,2013,08,20,5.5,1,Y
IDCJAC0011,086338,2013,08,21,7.2,1,Y
IDCJAC0011,086338,2013,08,22,9.5,1,Y
IDCJAC0011,086338,2013,08,23,11.3,1,Y
IDCJAC0011,086338,2013,08,24,10.6,1,Y
IDCJAC0011,086338,2013,08,25,11.4,1,Y
IDCJAC0011,086338,2013,08,26,10.5,1,Y
IDCJAC0011,086338,2013,08,27,8.7,1,Y
IDCJAC0011,086338,2013,08,28,10.9,1,Y
IDCJAC0011,086338,2013,08,29,12.4,1,Y
IDCJAC0011,086338,2013,08,30,14.7,1,Y
IDCJAC0011,086338,2013,08,31,10.4,1,Y
IDCJAC0011,086338,2013,09,01,13.7,1,Y
IDCJAC0011,086338,2013,09,02,13.0,1,Y
IDCJAC0011,086338,2013,09,03,10.3,1,Y
IDCJAC0011,086338,2013,09,04,12.6,1,Y
IDCJAC0011,086338,2013,09,05,19.6,1,Y
IDCJAC0011,086338,2013,09,06,10.9,1,Y
IDCJAC0011,086338,2013,09,07,9.8,1,Y
IDCJAC0011,086338,2013,09,08,8.9,1,Y
IDCJAC0011,086338,2013,09,09,11.6,1,Y
IDCJAC0011,086338,2013,09,10,11.7,1,Y
IDCJAC0011,086338,2013,09,11,11.0,1,Y
IDCJAC0011,086338,2013,09,12,8.2,1,Y
IDCJAC0011,086338,2013,09,13,3.6,1,Y
IDCJAC0011,086338,2013,09,14,7.9,1,Y
IDCJAC0011,086338,2013,09,15,10.1,1,Y
IDCJAC0011,086338,2013,09,16,12.8,1,Y
IDCJAC0011,086338,2013,09,17,11.4,1,Y
IDCJAC0011,086338,2013,09,18,12.7,1,Y
IDCJAC0011,086338,2013,09,19,10.4,1,Y
IDCJAC0011,086338,2013,09,20,10.3,1,Y
IDCJAC0011,086338,2013,09,21,6.5,1,Y
IDCJAC0011,086338,2013,09,22,11.8,1,Y
IDCJAC0011,086338,2013,09,23,9.6,1,Y
IDCJAC0011,086338,2013,09,24,13.4,1,Y
IDCJAC0011,086338,2013,09,25,16.3,1,Y
IDCJAC0011,086338,2013,09,26,12.1,1,Y
IDCJAC0011,086338,2013,09,27,7.0,1,Y
IDCJAC0011,086338,2013,09,28,8.3,1,Y
IDCJAC0011,086338,2013,09,29,6.4,1,Y
IDCJAC0011,086338,2013,09,30,14.8,1,Y
IDCJAC0011,086338,2013,10,01,11.3,1,Y
IDCJAC0011,086338,2013,10,02,9.9,1,Y
IDCJAC0011,086338,2013,10,03,8.4,1,Y
IDCJAC0011,086338,2013,10,04,5.8,1,Y
IDCJAC0011,086338,2013,10,05,12.7,1,Y
IDCJAC0011,086338,2013,10,06,13.2,1,Y
IDCJAC0011,086338,2013,10,07,8.9,1,Y
IDCJAC0011,086338,2013,10,08,10.6,1,Y
IDCJAC0011,086338,2013,10,09,12.3,1,Y
IDCJAC0011,086338,2013,10,10,15.4,1,Y
IDCJAC0011,086338,2013,10,11,10.2,1,Y
IDCJAC0011,086338,2013,10,12,10.7,1,Y
IDCJAC0011,086338,2013,10,13,11.1,1,Y
IDCJAC0011,086338,2013,10,14,7.7,1,Y
IDCJAC0011,086338,2013,10,15,9.5,1,Y
IDCJAC0011,086338,2013,10,16,12.5,1,Y
IDCJAC0011,086338,2013,10,17,11.0,1,Y
IDCJAC0011,086338,2013,10,18,7.2,1,Y
IDCJAC0011,086338,2013,10,19,12.4,1,Y
IDCJAC0011,086338,2013,10,20,16.4,1,Y
IDCJAC0011,086338,2013,10,21,14.5,1,Y
IDCJAC0011,086338,2013,10,22,12.2,1,Y
IDCJAC0011,086338,2013,10,23,12.9,1,Y
IDCJAC0011,086338,2013,10,24,7.2,1,Y
IDCJAC0011,086338,2013,10,25,7.9,1,Y
IDCJAC0011,086338,2013,10,26,9.7,1,Y
IDCJAC0011,086338,2013,10,27,10.2,1,Y
IDCJAC0011,086338,2013,10,28,11.3,1,Y
IDCJAC0011,086338,2013,10,29,11.8,1,Y
IDCJAC0011,086338,2013,10,30,11.8,1,Y
IDCJAC0011,086338,2013,10,31,12.0,1,Y
IDCJAC0011,086338,2013,11,01,8.5,1,Y
IDCJAC0011,086338,2013,11,02,12.2,1,Y
IDCJAC0011,086338,2013,11,03,13.4,1,Y
IDCJAC0011,086338,2013,11,04,9.9,1,Y
IDCJAC0011,086338,2013,11,05,8.4,1,Y
IDCJAC0011,086338,2013,11,06,11.1,1,Y
IDCJAC0011,086338,2013,11,07,17.7,1,Y
IDCJAC0011,086338,2013,11,08,14.4,1,Y
IDCJAC0011,086338,2013,11,09,10.3,1,Y
IDCJAC0011,086338,2013,11,10,9.3,1,Y
IDCJAC0011,086338,2013,11,11,9.7,1,Y
IDCJAC0011,086338,2013,11,12,12.6,1,Y
IDCJAC0011,086338,2013,11,13,10.3,1,Y
IDCJAC0011,086338,2013,11,14,11.1,1,Y
IDCJAC0011,086338,2013,11,15,11.5,1,Y
IDCJAC0011,086338,2013,11,16,9.4,1,Y
IDCJAC0011,086338,2013,11,17,8.5,1,Y
IDCJAC0011,086338,2013,11,18,10.3,1,Y
IDCJAC0011,086338,2013,11,19,15.0,1,Y
IDCJAC0011,086338,2013,11,20,14.1,1,Y
IDCJAC0011,086338,2013,11,21,12.1,1,Y
IDCJAC0011,086338,2013,11,22,12.9,1,Y
IDCJAC0011,086338,2013,11,23,13.1,1,Y
IDCJAC0011,086338,2013,11,24,11.7,1,Y
IDCJAC0011,086338,2013,11,25,12.9,1,Y
IDCJAC0011,086338,2013,11,26,10.1,1,Y
IDCJAC0011,086338,2013,11,27,15.0,1,Y
IDCJAC0011,086338,2013,11,28,20.9,1,Y
IDCJAC0011,086338,2013,11,29,12.0,1,Y
IDCJAC0011,086338,2013,11,30,12.1,1,Y
IDCJAC0011,086338,2013,12,01,9.9,1,Y
IDCJAC0011,086338,2013,12,02,16.4,1,Y
IDCJAC0011,086338,2013,12,03,16.3,1,Y
IDCJAC0011,086338,2013,12,04,17.1,1,Y
IDCJAC0011,086338,2013,12,05,10.6,1,Y
IDCJAC0011,086338,2013,12,06,8.2,1,Y
IDCJAC0011,086338,2013,12,07,10.7,1,Y
IDCJAC0011,086338,2013,12,08,14.6,1,Y
IDCJAC0011,086338,2013,12,09,15.8,1,Y
IDCJAC0011,086338,2013,12,10,12.8,1,Y
IDCJAC0011,086338,2013,12,11,13.2,1,Y
IDCJAC0011,086338,2013,12,12,10.6,1,Y
IDCJAC0011,086338,2013,12,13,14.2,1,Y
IDCJAC0011,086338,2013,12,14,14.3,1,Y
IDCJAC0011,086338,2013,12,15,13.7,1,Y
IDCJAC0011,086338,2013,12,16,14.6,1,Y
IDCJAC0011,086338,2013,12,17,14.0,1,Y
IDCJAC0011,086338,2013,12,18,13.8,1,Y
IDCJAC0011,086338,2013,12,19,15.6,1,Y
IDCJAC0011,086338,2013,12,20,19.2,1,Y
IDCJAC0011,086338,2013,12,21,14.9,1,Y
IDCJAC0011,086338,2013,12,22,16.0,1,Y
IDCJAC0011,086338,2013,12,23,14.3,1,Y
IDCJAC0011,086338,2013,12,24,13.3,1,Y
IDCJAC0011,086338,2013,12,25,11.7,1,Y
IDCJAC0011,086338,2013,12,26,16.2,1,Y
IDCJAC0011,086338,2013,12,27,16.4,1,Y
IDCJAC0011,086338,2013,12,28,14.0,1,Y
IDCJAC0011,086338,2013,12,29,13.7,1,Y
IDCJAC0011,086338,2013,12,30,11.7,1,Y
IDCJAC0011,086338,2013,12,31,12.3,1,Y
IDCJAC0011,086338,2014,01,01,15.5,1,Y
IDCJAC0011,086338,2014,01,02,15.0,1,Y
IDCJAC0011,086338,2014,01,03,13.3,1,Y
IDCJAC0011,086338,2014,01,04,13.4,1,Y
IDCJAC0011,086338,2014,01,05,10.3,1,Y
IDCJAC0011,086338,2014,01,06,12.4,1,Y
IDCJAC0011,086338,2014,01,07,14.0,1,Y
IDCJAC0011,086338,2014,01,08,11.7,1,Y
IDCJAC0011,086338,2014,01,09,13.4,1,Y
IDCJAC0011,086338,2014,01,10,18.7,1,Y
IDCJAC0011,086338,2014,01,11,17.3,1,Y
IDCJAC0011,086338,2014,01,12,16.5,1,Y
IDCJAC0011,086338,2014,01,13,13.5,1,Y
IDCJAC0011,086338,2014,01,14,18.2,1,Y
IDCJAC0011,086338,2014,01,15,26.6,1,Y
IDCJAC0011,086338,2014,01,16,24.7,1,Y
IDCJAC0011,086338,2014,01,17,24.4,1,Y
IDCJAC0011,086338,2014,01,18,21.3,1,Y
IDCJAC0011,086338,2014,01,19,16.0,1,Y
IDCJAC0011,086338,2014,01,20,16.6,1,Y
IDCJAC0011,086338,2014,01,21,16.7,1,Y
IDCJAC0011,086338,2014,01,22,16.0,1,Y
IDCJAC0011,086338,2014,01,23,12.1,1,Y
IDCJAC0011,086338,2014,01,24,16.9,1,Y
IDCJAC0011,086338,2014,01,25,15.1,1,Y
IDCJAC0011,086338,2014,01,26,11.8,1,Y
IDCJAC0011,086338,2014,01,27,16.8,1,Y
IDCJAC0011,086338,2014,01,28,23.0,1,Y
IDCJAC0011,086338,2014,01,29,17.9,1,Y
IDCJAC0011,086338,2014,01,30,15.0,1,Y
IDCJAC0011,086338,2014,01,31,18.4,1,Y
IDCJAC0011,086338,2014,02,01,18.1,1,Y
IDCJAC0011,086338,2014,02,02,18.1,1,Y
IDCJAC0011,086338,2014,02,03,21.8,1,Y
IDCJAC0011,086338,2014,02,04,14.2,1,Y
IDCJAC0011,086338,2014,02,05,13.1,1,Y
IDCJAC0011,086338,2014,02,06,16.2,1,Y
IDCJAC0011,086338,2014,02,07,22.4,1,Y
IDCJAC0011,086338,2014,02,08,17.9,1,Y
IDCJAC0011,086338,2014,02,09,21.6,1,Y
IDCJAC0011,086338,2014,02,10,15.3,1,Y
IDCJAC0011,086338,2014,02,11,14.2,1,Y
IDCJAC0011,086338,2014,02,12,16.2,1,Y
IDCJAC0011,086338,2014,02,13,19.0,1,Y
IDCJAC0011,086338,2014,02,14,18.9,1,Y
IDCJAC0011,086338,2014,02,15,20.3,1,Y
IDCJAC0011,086338,2014,02,16,16.7,1,Y
IDCJAC0011,086338,2014,02,17,16.1,1,Y
IDCJAC0011,086338,2014,02,18,14.5,1,Y
IDCJAC0011,086338,2014,02,19,17.2,1,Y
IDCJAC0011,086338,2014,02,20,12.7,1,Y
IDCJAC0011,086338,2014,02,21,13.2,1,Y
IDCJAC0011,086338,2014,02,22,14.1,1,Y
IDCJAC0011,086338,2014,02,23,14.0,1,Y
IDCJAC0011,086338,2014,02,24,13.4,1,Y
IDCJAC0011,086338,2014,02,25,15.0,1,Y
IDCJAC0011,086338,2014,02,26,14.9,1,Y
IDCJAC0011,086338,2014,02,27,14.0,1,Y
IDCJAC0011,086338,2014,02,28,12.3,1,Y
IDCJAC0011,086338,2014,03,01,14.5,1,Y
IDCJAC0011,086338,2014,03,02,16.8,1,Y
IDCJAC0011,086338,2014,03,03,15.3,1,Y
IDCJAC0011,086338,2014,03,04,15.7,1,Y
IDCJAC0011,086338,2014,03,05,18.6,1,Y
IDCJAC0011,086338,2014,03,06,13.0,1,Y
IDCJAC0011,086338,2014,03,07,14.1,1,Y
IDCJAC0011,086338,2014,03,08,14.8,1,Y
IDCJAC0011,086338,2014,03,09,16.4,1,Y
IDCJAC0011,086338,2014,03,10,19.7,1,Y
IDCJAC0011,086338,2014,03,11,18.4,1,Y
IDCJAC0011,086338,2014,03,12,16.1,1,Y
IDCJAC0011,086338,2014,03,13,12.1,1,Y
IDCJAC0011,086338,2014,03,14,13.5,1,Y
IDCJAC0011,086338,2014,03,15,16.6,1,Y
IDCJAC0011,086338,2014,03,16,13.5,1,Y
IDCJAC0011,086338,2014,03,17,14.4,1,Y
IDCJAC0011,086338,2014,03,18,15.2,1,Y
IDCJAC0011,086338,2014,03,19,13.6,1,Y
IDCJAC0011,086338,2014,03,20,10.5,1,Y
IDCJAC0011,086338,2014,03,21,13.3,1,Y
IDCJAC0011,086338,2014,03,22,13.4,1,Y
IDCJAC0011,086338,2014,03,23,14.0,1,Y
IDCJAC0011,086338,2014,03,24,12.0,1,Y
IDCJAC0011,086338,2014,03,25,11.5,1,Y
IDCJAC0011,086338,2014,03,26,13.9,1,Y
IDCJAC0011,086338,2014,03,27,17.0,1,Y
IDCJAC0011,086338,2014,03,28,16.9,1,Y
IDCJAC0011,086338,2014,03,29,12.3,1,Y
IDCJAC0011,086338,2014,03,30,14.3,1,Y
IDCJAC0011,086338,2014,03,31,16.3,1,Y
IDCJAC0011,086338,2014,04,01,17.9,1,Y
IDCJAC0011,086338,2014,04,02,22.2,1,Y
IDCJAC0011,086338,2014,04,03,15.6,1,Y
IDCJAC0011,086338,2014,04,04,14.2,1,Y
IDCJAC0011,086338,2014,04,05,14.8,1,Y
IDCJAC0011,086338,2014,04,06,11.8,1,Y
IDCJAC0011,086338,2014,04,07,13.4,1,Y
IDCJAC0011,086338,2014,04,08,16.6,1,Y
IDCJAC0011,086338,2014,04,09,16.8,1,Y
IDCJAC0011,086338,2014,04,10,16.7,1,Y
IDCJAC0011,086338,2014,04,11,17.2,1,Y
IDCJAC0011,086338,2014,04,12,15.1,1,Y
IDCJAC0011,086338,2014,04,13,11.7,1,Y
IDCJAC0011,086338,2014,04,14,11.7,1,Y
IDCJAC0011,086338,2014,04,15,10.0,1,Y
IDCJAC0011,086338,2014,04,16,9.9,1,Y
IDCJAC0011,086338,2014,04,17,10.9,1,Y
IDCJAC0011,086338,2014,04,18,12.7,1,Y
IDCJAC0011,086338,2014,04,19,11.8,1,Y
IDCJAC0011,086338,2014,04,20,12.5,1,Y
IDCJAC0011,086338,2014,04,21,12.3,1,Y
IDCJAC0011,086338,2014,04,22,13.5,1,Y
IDCJAC0011,086338,2014,04,23,10.9,1,Y
IDCJAC0011,086338,2014,04,24,13.3,1,Y
IDCJAC0011,086338,2014,04,25,6.3,1,Y
IDCJAC0011,086338,2014,04,26,9.6,1,Y
IDCJAC0011,086338,2014,04,27,7.5,1,Y
IDCJAC0011,086338,2014,04,28,6.5,1,Y
IDCJAC0011,086338,2014,04,29,13.9,1,Y
IDCJAC0011,086338,2014,04,30,10.4,1,Y
IDCJAC0011,086338,2014,05,01,6.2,1,Y
IDCJAC0011,086338,2014,05,02,9.6,1,Y
IDCJAC0011,086338,2014,05,03,9.8,1,Y
IDCJAC0011,086338,2014,05,04,8.6,1,Y
IDCJAC0011,086338,2014,05,05,9.8,1,Y
IDCJAC0011,086338,2014,05,06,10.8,1,Y
IDCJAC0011,086338,2014,05,07,8.5,1,Y
IDCJAC0011,086338,2014,05,08,4.1,1,Y
IDCJAC0011,086338,2014,05,09,5.9,1,Y
IDCJAC0011,086338,2014,05,10,12.9,1,Y
IDCJAC0011,086338,2014,05,11,9.6,1,Y
IDCJAC0011,086338,2014,05,12,7.7,1,Y
IDCJAC0011,086338,2014,05,13,7.6,1,Y
IDCJAC0011,086338,2014,05,14,8.6,1,Y
IDCJAC0011,086338,2014,05,15,14.3,1,Y
IDCJAC0011,086338,2014,05,16,16.7,1,Y
IDCJAC0011,086338,2014,05,17,16.5,1,Y
IDCJAC0011,086338,2014,05,18,17.3,1,Y
IDCJAC0011,086338,2014,05,19,17.3,1,Y
IDCJAC0011,086338,2014,05,20,15.0,1,Y
IDCJAC0011,086338,2014,05,21,10.7,1,Y
IDCJAC0011,086338,2014,05,22,12.9,1,Y
IDCJAC0011,086338,2014,05,23,15.2,1,Y
IDCJAC0011,086338,2014,05,24,9.9,1,Y
IDCJAC0011,086338,2014,05,25,12.8,1,Y
IDCJAC0011,086338,2014,05,26,11.8,1,Y
IDCJAC0011,086338,2014,05,27,14.8,1,Y
IDCJAC0011,086338,2014,05,28,13.1,1,Y
IDCJAC0011,086338,2014,05,29,9.3,1,Y
IDCJAC0011,086338,2014,05,30,6.1,1,Y
IDCJAC0011,086338,2014,05,31,7.5,1,Y
IDCJAC0011,086338,2014,06,01,11.3,1,Y
IDCJAC0011,086338,2014,06,02,11.0,1,Y
IDCJAC0011,086338,2014,06,03,12.1,1,Y
IDCJAC0011,086338,2014,06,04,10.7,1,Y
IDCJAC0011,086338,2014,06,05,11.6,1,Y
IDCJAC0011,086338,2014,06,06,8.4,1,Y
IDCJAC0011,086338,2014,06,07,9.5,1,Y
IDCJAC0011,086338,2014,06,08,10.9,1,Y
IDCJAC0011,086338,2014,06,09,5.6,1,Y
IDCJAC0011,086338,2014,06,10,9.1,1,Y
IDCJAC0011,086338,2014,06,11,6.3,1,Y
IDCJAC0011,086338,2014,06,12,8.6,1,Y
IDCJAC0011,086338,2014,06,13,12.1,1,Y
IDCJAC0011,086338,2014,06,14,10.1,1,Y
IDCJAC0011,086338,2014,06,15,10.5,1,Y
IDCJAC0011,086338,2014,06,16,10.4,1,Y
IDCJAC0011,086338,2014,06,17,10.1,1,Y
IDCJAC0011,086338,2014,06,18,11.0,1,Y
IDCJAC0011,086338,2014,06,19,7.2,1,Y
IDCJAC0011,086338,2014,06,20,9.4,1,Y
IDCJAC0011,086338,2014,06,21,11.7,1,Y
IDCJAC0011,086338,2014,06,22,7.2,1,Y
IDCJAC0011,086338,2014,06,23,9.3,1,Y
IDCJAC0011,086338,2014,06,24,7.2,1,Y
IDCJAC0011,086338,2014,06,25,8.8,1,Y
IDCJAC0011,086338,2014,06,26,11.5,1,Y
IDCJAC0011,086338,2014,06,27,10.9,1,Y
IDCJAC0011,086338,2014,06,28,9.7,1,Y
IDCJAC0011,086338,2014,06,29,9.0,1,Y
IDCJAC0011,086338,2014,06,30,7.0,1,Y
IDCJAC0011,086338,2014,07,01,8.9,1,Y
IDCJAC0011,086338,2014,07,02,10.9,1,Y
IDCJAC0011,086338,2014,07,03,7.4,1,Y
IDCJAC0011,086338,2014,07,04,8.3,1,Y
IDCJAC0011,086338,2014,07,05,8.9,1,Y
IDCJAC0011,086338,2014,07,06,10.5,1,Y
IDCJAC0011,086338,2014,07,07,9.5,1,Y
IDCJAC0011,086338,2014,07,08,9.4,1,Y
IDCJAC0011,086338,2014,07,09,9.4,1,Y
IDCJAC0011,086338,2014,07,10,7.8,1,Y
IDCJAC0011,086338,2014,07,11,7.9,1,Y
IDCJAC0011,086338,2014,07,12,7.3,1,Y
IDCJAC0011,086338,2014,07,13,5.1,1,Y
IDCJAC0011,086338,2014,07,14,6.9,1,Y
IDCJAC0011,086338,2014,07,15,6.9,1,Y
IDCJAC0011,086338,2014,07,16,9.9,1,Y
IDCJAC0011,086338,2014,07,17,8.7,1,Y
IDCJAC0011,086338,2014,07,18,6.1,1,Y
IDCJAC0011,086338,2014,07,19,8.2,1,Y
IDCJAC0011,086338,2014,07,20,7.7,1,Y
IDCJAC0011,086338,2014,07,21,4.8,1,Y
IDCJAC0011,086338,2014,07,22,5.2,1,Y
IDCJAC0011,086338,2014,07,23,4.1,1,Y
IDCJAC0011,086338,2014,07,24,4.2,1,Y
IDCJAC0011,086338,2014,07,25,8.6,1,Y
IDCJAC0011,086338,2014,07,26,12.2,1,Y
IDCJAC0011,086338,2014,07,27,7.2,1,Y
IDCJAC0011,086338,2014,07,28,10.0,1,Y
IDCJAC0011,086338,2014,07,29,11.6,1,Y
IDCJAC0011,086338,2014,07,30,12.1,1,Y
IDCJAC0011,086338,2014,07,31,13.7,1,Y
IDCJAC0011,086338,2014,08,01,6.2,1,Y
IDCJAC0011,086338,2014,08,02,4.8,1,Y
IDCJAC0011,086338,2014,08,03,1.2,1,Y
IDCJAC0011,086338,2014,08,04,1.7,1,Y
IDCJAC0011,086338,2014,08,05,4.6,1,Y
IDCJAC0011,086338,2014,08,06,10.6,1,Y
IDCJAC0011,086338,2014,08,07,10.7,1,Y
IDCJAC0011,086338,2014,08,08,10.6,1,Y
IDCJAC0011,086338,2014,08,09,7.1,1,Y
IDCJAC0011,086338,2014,08,10,9.7,1,Y
IDCJAC0011,086338,2014,08,11,5.9,1,Y
IDCJAC0011,086338,2014,08,12,6.2,1,Y
IDCJAC0011,086338,2014,08,13,7.8,1,Y
IDCJAC0011,086338,2014,08,14,9.5,1,Y
IDCJAC0011,086338,2014,08,15,3.6,1,Y
IDCJAC0011,086338,2014,08,16,5.4,1,Y
IDCJAC0011,086338,2014,08,17,6.7,1,Y
IDCJAC0011,086338,2014,08,18,10.2,1,Y
IDCJAC0011,086338,2014,08,19,10.7,1,Y
IDCJAC0011,086338,2014,08,20,9.7,1,Y
IDCJAC0011,086338,2014,08,21,7.5,1,Y
IDCJAC0011,086338,2014,08,22,7.0,1,Y
IDCJAC0011,086338,2014,08,23,7.4,1,Y
IDCJAC0011,086338,2014,08,24,11.0,1,Y
IDCJAC0011,086338,2014,08,25,10.8,1,Y
IDCJAC0011,086338,2014,08,26,7.0,1,Y
IDCJAC0011,086338,2014,08,27,6.7,1,Y
IDCJAC0011,086338,2014,08,28,7.4,1,Y
IDCJAC0011,086338,2014,08,29,7.6,1,Y
IDCJAC0011,086338,2014,08,30,10.4,1,Y
IDCJAC0011,086338,2014,08,31,9.5,1,Y
IDCJAC0011,086338,2014,09,01,15.0,1,Y
IDCJAC0011,086338,2014,09,02,8.6,1,Y
IDCJAC0011,086338,2014,09,03,7.9,1,Y
IDCJAC0011,086338,2014,09,04,4.8,1,Y
IDCJAC0011,086338,2014,09,05,4.8,1,Y
IDCJAC0011,086338,2014,09,06,6.0,1,Y
IDCJAC0011,086338,2014,09,07,6.7,1,Y
IDCJAC0011,086338,2014,09,08,9.7,1,Y
IDCJAC0011,086338,2014,09,09,16.0,1,Y
IDCJAC0011,086338,2014,09,10,11.6,1,Y
IDCJAC0011,086338,2014,09,11,11.2,1,Y
IDCJAC0011,086338,2014,09,12,5.8,1,Y
IDCJAC0011,086338,2014,09,13,5.7,1,Y
IDCJAC0011,086338,2014,09,14,6.8,1,Y
IDCJAC0011,086338,2014,09,15,9.2,1,Y
IDCJAC0011,086338,2014,09,16,11.0,1,Y
IDCJAC0011,086338,2014,09,17,9.6,1,Y
IDCJAC0011,086338,2014,09,18,8.0,1,Y
IDCJAC0011,086338,2014,09,19,8.7,1,Y
IDCJAC0011,086338,2014,09,20,9.8,1,Y
IDCJAC0011,086338,2014,09,21,10.4,1,Y
IDCJAC0011,086338,2014,09,22,5.4,1,Y
IDCJAC0011,086338,2014,09,23,9.4,1,Y
IDCJAC0011,086338,2014,09,24,15.0,1,Y
IDCJAC0011,086338,2014,09,25,13.6,1,Y
IDCJAC0011,086338,2014,09,26,10.4,1,Y
IDCJAC0011,086338,2014,09,27,8.8,1,Y
IDCJAC0011,086338,2014,09,28,15.5,1,Y
IDCJAC0011,086338,2014,09,29,14.6,1,Y
IDCJAC0011,086338,2014,09,30,13.5,1,Y
IDCJAC0011,086338,2014,10,01,7.4,1,Y
IDCJAC0011,086338,2014,10,02,9.6,1,Y
IDCJAC0011,086338,2014,10,03,10.7,1,Y
IDCJAC0011,086338,2014,10,04,8.7,1,Y
IDCJAC0011,086338,2014,10,05,13.7,1,Y
IDCJAC0011,086338,2014,10,06,9.1,1,Y
IDCJAC0011,086338,2014,10,07,12.1,1,Y
IDCJAC0011,086338,2014,10,08,9.0,1,Y
IDCJAC0011,086338,2014,10,09,9.4,1,Y
IDCJAC0011,086338,2014,10,10,13.8,1,Y
IDCJAC0011,086338,2014,10,11,13.7,1,Y
IDCJAC0011,086338,2014,10,12,9.4,1,Y
IDCJAC0011,086338,2014,10,13,9.7,1,Y
IDCJAC0011,086338,2014,10,14,8.6,1,Y
IDCJAC0011,086338,2014,10,15,5.9,1,Y
IDCJAC0011,086338,2014,10,16,11.0,1,Y
IDCJAC0011,086338,2014,10,17,10.2,1,Y
IDCJAC0011,086338,2014,10,18,8.0,1,Y
IDCJAC0011,086338,2014,10,19,13.5,1,Y
IDCJAC0011,086338,2014,10,20,10.2,1,Y
IDCJAC0011,086338,2014,10,21,8.0,1,Y
IDCJAC0011,086338,2014,10,22,13.1,1,Y
IDCJAC0011,086338,2014,10,23,14.8,1,Y
IDCJAC0011,086338,2014,10,24,14.6,1,Y
IDCJAC0011,086338,2014,10,25,14.1,1,Y
IDCJAC0011,086338,2014,10,26,13.8,1,Y
IDCJAC0011,086338,2014,10,27,13.5,1,Y
IDCJAC0011,086338,2014,10,28,11.6,1,Y
IDCJAC0011,086338,2014,10,29,10.7,1,Y
IDCJAC0011,086338,2014,10,30,13.4,1,Y
IDCJAC0011,086338,2014,10,31,10.4,1,Y
IDCJAC0011,086338,2014,11,01,13.4,1,Y
IDCJAC0011,086338,2014,11,02,9.1,1,Y
IDCJAC0011,086338,2014,11,03,11.0,1,Y
IDCJAC0011,086338,2014,11,04,12.5,1,Y
IDCJAC0011,086338,2014,11,05,12.5,1,Y
IDCJAC0011,086338,2014,11,06,11.0,1,Y
IDCJAC0011,086338,2014,11,07,11.1,1,Y
IDCJAC0011,086338,2014,11,08,18.0,1,Y
IDCJAC0011,086338,2014,11,09,12.6,1,Y
IDCJAC0011,086338,2014,11,10,11.0,1,Y
IDCJAC0011,086338,2014,11,11,12.2,1,Y
IDCJAC0011,086338,2014,11,12,7.9,1,Y
IDCJAC0011,086338,2014,11,13,12.7,1,Y
IDCJAC0011,086338,2014,11,14,17.7,1,Y
IDCJAC0011,086338,2014,11,15,12.1,1,Y
IDCJAC0011,086338,2014,11,16,10.6,1,Y
IDCJAC0011,086338,2014,11,17,12.2,1,Y
IDCJAC0011,086338,2014,11,18,10.9,1,Y
IDCJAC0011,086338,2014,11,19,11.4,1,Y
IDCJAC0011,086338,2014,11,20,15.4,1,Y
IDCJAC0011,086338,2014,11,21,16.2,1,Y
IDCJAC0011,086338,2014,11,22,12.9,1,Y
IDCJAC0011,086338,2014,11,23,16.5,1,Y
IDCJAC0011,086338,2014,11,24,14.5,1,Y
IDCJAC0011,086338,2014,11,25,11.5,1,Y
IDCJAC0011,086338,2014,11,26,12.0,1,Y
IDCJAC0011,086338,2014,11,27,13.1,1,Y
IDCJAC0011,086338,2014,11,28,11.4,1,Y
IDCJAC0011,086338,2014,11,29,11.9,1,Y
IDCJAC0011,086338,2014,11,30,15.6,1,Y
IDCJAC0011,086338,2014,12,01,20.8,1,N
IDCJAC0011,086338,2014,12,02,16.1,1,N
IDCJAC0011,086338,2014,12,03,16.2,1,N
IDCJAC0011,086338,2014,12,04,17.5,1,N
IDCJAC0011,086338,2014,12,05,17.4,1,N
IDCJAC0011,086338,2014,12,06,15.4,1,N
IDCJAC0011,086338,2014,12,07,13.8,1,N
IDCJAC0011,086338,2014,12,08,14.1,1,N
IDCJAC0011,086338,2014,12,09,15.3,1,N
IDCJAC0011,086338,2014,12,10,12.7,1,N
IDCJAC0011,086338,2014,12,11,15.9,1,N
IDCJAC0011,086338,2014,12,12,14.0,1,N
IDCJAC0011,086338,2014,12,13,14.4,1,N
IDCJAC0011,086338,2014,12,14,18.9,1,N
IDCJAC0011,086338,2014,12,15,15.3,1,N
IDCJAC0011,086338,2014,12,16,16.0,1,N
IDCJAC0011,086338,2014,12,17,12.2,1,N
IDCJAC0011,086338,2014,12,18,11.6,1,N
IDCJAC0011,086338,2014,12,19,11.4,1,N
IDCJAC0011,086338,2014,12,20,12.5,1,N
IDCJAC0011,086338,2014,12,21,13.1,1,N
IDCJAC0011,086338,2014,12,22,17.2,1,N
IDCJAC0011,086338,2014,12,23,19.7,1,N
IDCJAC0011,086338,2014,12,24,14.4,1,N
IDCJAC0011,086338,2014,12,25,13.4,1,N
IDCJAC0011,086338,2014,12,26,10.8,1,N
IDCJAC0011,086338,2014,12,27,12.5,1,N
IDCJAC0011,086338,2014,12,28,12.2,1,N
IDCJAC0011,086338,2014,12,29,16.7,1,N
IDCJAC0011,086338,2014,12,30,13.5,1,N
IDCJAC0011,086338,2014,12,31,12.6,1,N
IDCJAC0011,086338,2015,01,01,13.3,1,Y
IDCJAC0011,086338,2015,01,02,15.4,1,Y
IDCJAC0011,086338,2015,01,03,20.0,1,Y
IDCJAC0011,086338,2015,01,04,16.3,1,Y
IDCJAC0011,086338,2015,01,05,15.0,1,Y
IDCJAC0011,086338,2015,01,06,17.7,1,Y
IDCJAC0011,086338,2015,01,07,18.9,1,Y
IDCJAC0011,086338,2015,01,08,23.1,1,Y
IDCJAC0011,086338,2015,01,09,16.5,1,Y
IDCJAC0011,086338,2015,01,10,13.6,1,Y
IDCJAC0011,086338,2015,01,11,15.6,1,Y
IDCJAC0011,086338,2015,01,12,16.1,1,Y
IDCJAC0011,086338,2015,01,13,20.2,1,Y
IDCJAC0011,086338,2015,01,14,18.3,1,Y
IDCJAC0011,086338,2015,01,15,15.8,1,Y
IDCJAC0011,086338,2015,01,16,13.1,1,Y
IDCJAC0011,086338,2015,01,17,15.9,1,Y
IDCJAC0011,086338,2015,01,18,15.3,1,Y
IDCJAC0011,086338,2015,01,19,13.5,1,Y
IDCJAC0011,086338,2015,01,20,13.0,1,Y
IDCJAC0011,086338,2015,01,21,19.7,1,Y
IDCJAC0011,086338,2015,01,22,18.7,1,Y
IDCJAC0011,086338,2015,01,23,20.2,1,Y
IDCJAC0011,086338,2015,01,24,15.8,1,Y
IDCJAC0011,086338,2015,01,25,14.7,1,Y
IDCJAC0011,086338,2015,01,26,11.6,1,Y
IDCJAC0011,086338,2015,01,27,11.7,1,Y
IDCJAC0011,086338,2015,01,28,13.3,1,Y
IDCJAC0011,086338,2015,01,29,12.8,1,Y
IDCJAC0011,086338,2015,01,30,13.1,1,Y
IDCJAC0011,086338,2015,01,31,14.3,1,Y
IDCJAC0011,086338,2015,02,01,13.2,1,Y
IDCJAC0011,086338,2015,02,02,13.5,1,Y
IDCJAC0011,086338,2015,02,03,16.1,1,Y
IDCJAC0011,086338,2015,02,04,14.8,1,Y
IDCJAC0011,086338,2015,02,05,13.3,1,Y
IDCJAC0011,086338,2015,02,06,14.5,1,Y
IDCJAC0011,086338,2015,02,07,18.8,1,Y
IDCJAC0011,086338,2015,02,08,18.9,1,Y
IDCJAC0011,086338,2015,02,09,13.6,1,Y
IDCJAC0011,086338,2015,02,10,16.4,1,Y
IDCJAC0011,086338,2015,02,11,18.1,1,Y
IDCJAC0011,086338,2015,02,12,17.8,1,Y
IDCJAC0011,086338,2015,02,13,16.1,1,Y
IDCJAC0011,086338,2015,02,14,19.0,1,Y
IDCJAC0011,086338,2015,02,15,18.2,1,Y
IDCJAC0011,086338,2015,02,16,17.4,1,Y
IDCJAC0011,086338,2015,02,17,17.6,1,Y
IDCJAC0011,086338,2015,02,18,17.7,1,Y
IDCJAC0011,086338,2015,02,19,18.2,1,Y
IDCJAC0011,086338,2015,02,20,17.4,1,Y
IDCJAC0011,086338,2015,02,21,18.1,1,Y
IDCJAC0011,086338,2015,02,22,20.3,1,Y
IDCJAC0011,086338,2015,02,23,21.1,1,Y
IDCJAC0011,086338,2015,02,24,15.9,1,Y
IDCJAC0011,086338,2015,02,25,14.0,1,Y
IDCJAC0011,086338,2015,02,26,16.0,1,Y
IDCJAC0011,086338,2015,02,27,14.8,1,Y
IDCJAC0011,086338,2015,02,28,17.9,1,Y
IDCJAC0011,086338,2015,03,01,15.2,1,Y
IDCJAC0011,086338,2015,03,02,11.6,1,Y
IDCJAC0011,086338,2015,03,03,15.5,1,Y
IDCJAC0011,086338,2015,03,04,15.4,1,Y
IDCJAC0011,086338,2015,03,05,12.6,1,Y
IDCJAC0011,086338,2015,03,06,14.1,1,Y
IDCJAC0011,086338,2015,03,07,15.4,1,Y
IDCJAC0011,086338,2015,03,08,16.2,1,Y
IDCJAC0011,086338,2015,03,09,14.4,1,Y
IDCJAC0011,086338,2015,03,10,16.2,1,Y
IDCJAC0011,086338,2015,03,11,11.2,1,Y
IDCJAC0011,086338,2015,03,12,13.0,1,Y
IDCJAC0011,086338,2015,03,13,14.4,1,Y
IDCJAC0011,086338,2015,03,14,9.4,1,Y
IDCJAC0011,086338,2015,03,15,13.1,1,Y
IDCJAC0011,086338,2015,03,16,10.5,1,Y
IDCJAC0011,086338,2015,03,17,13.0,1,Y
IDCJAC0011,086338,2015,03,18,17.8,1,Y
IDCJAC0011,086338,2015,03,19,16.5,1,Y
IDCJAC0011,086338,2015,03,20,14.2,1,Y
IDCJAC0011,086338,2015,03,21,11.9,1,Y
IDCJAC0011,086338,2015,03,22,11.3,1,Y
IDCJAC0011,086338,2015,03,23,13.6,1,Y
IDCJAC0011,086338,2015,03,24,12.6,1,Y
IDCJAC0011,086338,2015,03,25,13.0,1,Y
IDCJAC0011,086338,2015,03,26,9.8,1,Y
IDCJAC0011,086338,2015,03,27,11.6,1,Y
IDCJAC0011,086338,2015,03,28,12.7,1,Y
IDCJAC0011,086338,2015,03,29,8.5,1,Y
IDCJAC0011,086338,2015,03,30,10.6,1,Y
IDCJAC0011,086338,2015,03,31,11.2,1,Y
IDCJAC0011,086338,2015,04,01,13.3,1,Y
IDCJAC0011,086338,2015,04,02,12.8,1,Y
IDCJAC0011,086338,2015,04,03,8.0,1,Y
IDCJAC0011,086338,2015,04,04,8.5,1,Y
IDCJAC0011,086338,2015,04,05,10.2,1,Y
IDCJAC0011,086338,2015,04,06,11.2,1,Y
IDCJAC0011,086338,2015,04,07,12.4,1,Y
IDCJAC0011,086338,2015,04,08,13.3,1,Y
IDCJAC0011,086338,2015,04,09,8.7,1,Y
IDCJAC0011,086338,2015,04,10,8.6,1,Y
IDCJAC0011,086338,2015,04,11,11.6,1,Y
IDCJAC0011,086338,2015,04,12,12.1,1,Y
IDCJAC0011,086338,2015,04,13,7.3,1,Y
IDCJAC0011,086338,2015,04,14,10.5,1,Y
IDCJAC0011,086338,2015,04,15,13.9,1,Y
IDCJAC0011,086338,2015,04,16,15.6,1,Y
IDCJAC0011,086338,2015,04,17,10.1,1,Y
IDCJAC0011,086338,2015,04,18,13.5,1,Y
IDCJAC0011,086338,2015,04,19,9.7,1,Y
IDCJAC0011,086338,2015,04,20,7.0,1,Y
IDCJAC0011,086338,2015,04,21,6.5,1,Y
IDCJAC0011,086338,2015,04,22,9.1,1,Y
IDCJAC0011,086338,2015,04,23,12.2,1,Y
IDCJAC0011,086338,2015,04,24,14.4,1,Y
IDCJAC0011,086338,2015,04,25,11.6,1,Y
IDCJAC0011,086338,2015,04,26,10.4,1,Y
IDCJAC0011,086338,2015,04,27,10.5,1,Y
IDCJAC0011,086338,2015,04,28,10.1,1,Y
IDCJAC0011,086338,2015,04,29,7.4,1,Y
IDCJAC0011,086338,2015,04,30,6.4,1,Y
IDCJAC0011,086338,2015,05,01,7.9,1,Y
IDCJAC0011,086338,2015,05,02,11.6,1,Y
IDCJAC0011,086338,2015,05,03,9.7,1,Y
IDCJAC0011,086338,2015,05,04,7.5,1,Y
IDCJAC0011,086338,2015,05,05,9.2,1,Y
IDCJAC0011,086338,2015,05,06,9.5,1,Y
IDCJAC0011,086338,2015,05,07,10.3,1,Y
IDCJAC0011,086338,2015,05,08,10.5,1,Y
IDCJAC0011,086338,2015,05,09,12.8,1,Y
IDCJAC0011,086338,2015,05,10,12.8,1,Y
IDCJAC0011,086338,2015,05,11,12.4,1,Y
IDCJAC0011,086338,2015,05,12,12.8,1,Y
IDCJAC0011,086338,2015,05,13,6.3,1,Y
IDCJAC0011,086338,2015,05,14,7.3,1,Y
IDCJAC0011,086338,2015,05,15,11.5,1,Y
IDCJAC0011,086338,2015,05,16,11.3,1,Y
IDCJAC0011,086338,2015,05,17,7.4,1,Y
IDCJAC0011,086338,2015,05,18,7.2,1,Y
IDCJAC0011,086338,2015,05,19,9.9,1,Y
IDCJAC0011,086338,2015,05,20,13.6,1,Y
IDCJAC0011,086338,2015,05,21,10.3,1,Y
IDCJAC0011,086338,2015,05,22,9.1,1,Y
IDCJAC0011,086338,2015,05,23,10.4,1,Y
IDCJAC0011,086338,2015,05,24,6.0,1,Y
IDCJAC0011,086338,2015,05,25,7.4,1,Y
IDCJAC0011,086338,2015,05,26,5.4,1,Y
IDCJAC0011,086338,2015,05,27,7.9,1,Y
IDCJAC0011,086338,2015,05,28,13.1,1,Y
IDCJAC0011,086338,2015,05,29,9.5,1,Y
IDCJAC0011,086338,2015,05,30,11.0,1,Y
IDCJAC0011,086338,2015,05,31,12.3,1,Y
IDCJAC0011,086338,2015,06,01,5.2,1,Y
IDCJAC0011,086338,2015,06,02,7.1,1,Y
IDCJAC0011,086338,2015,06,03,8.1,1,Y
IDCJAC0011,086338,2015,06,04,4.4,1,Y
IDCJAC0011,086338,2015,06,05,7.0,1,Y
IDCJAC0011,086338,2015,06,06,9.2,1,Y
IDCJAC0011,086338,2015,06,07,11.2,1,Y
IDCJAC0011,086338,2015,06,08,11.1,1,Y
IDCJAC0011,086338,2015,06,09,10.3,1,Y
IDCJAC0011,086338,2015,06,10,7.5,1,Y
IDCJAC0011,086338,2015,06,11,5.7,1,Y
IDCJAC0011,086338,2015,06,12,5.2,1,Y
IDCJAC0011,086338,2015,06,13,6.0,1,Y
IDCJAC0011,086338,2015,06,14,5.8,1,Y
IDCJAC0011,086338,2015,06,15,7.1,1,Y
IDCJAC0011,086338,2015,06,16,9.5,1,Y
IDCJAC0011,086338,2015,06,17,11.7,1,Y
IDCJAC0011,086338,2015,06,18,10.7,1,Y
IDCJAC0011,086338,2015,06,19,7.0,1,Y
IDCJAC0011,086338,2015,06,20,4.1,1,Y
IDCJAC0011,086338,2015,06,21,2.2,1,Y
IDCJAC0011,086338,2015,06,22,3.6,1,Y
IDCJAC0011,086338,2015,06,23,9.6,1,Y
IDCJAC0011,086338,2015,06,24,12.2,1,Y
IDCJAC0011,086338,2015,06,25,9.6,1,Y
IDCJAC0011,086338,2015,06,26,10.5,1,Y
IDCJAC0011,086338,2015,06,27,8.0,1,Y
IDCJAC0011,086338,2015,06,28,9.6,1,Y
IDCJAC0011,086338,2015,06,29,6.9,1,Y
IDCJAC0011,086338,2015,06,30,5.0,1,Y
IDCJAC0011,086338,2015,07,01,7.4,1,Y
IDCJAC0011,086338,2015,07,02,10.3,1,Y
IDCJAC0011,086338,2015,07,03,5.9,1,Y
IDCJAC0011,086338,2015,07,04,7.3,1,Y
IDCJAC0011,086338,2015,07,05,8.2,1,Y
IDCJAC0011,086338,2015,07,06,7.5,1,Y
IDCJAC0011,086338,2015,07,07,7.4,1,Y
IDCJAC0011,086338,2015,07,08,4.9,1,Y
IDCJAC0011,086338,2015,07,09,6.5,1,Y
IDCJAC0011,086338,2015,07,10,7.6,1,Y
IDCJAC0011,086338,2015,07,11,10.9,1,Y
IDCJAC0011,086338,2015,07,12,3.4,1,Y
IDCJAC0011,086338,2015,07,13,6.1,1,Y
IDCJAC0011,086338,2015,07,14,8.1,1,Y
IDCJAC0011,086338,2015,07,15,5.8,1,Y
IDCJAC0011,086338,2015,07,16,6.6,1,Y
IDCJAC0011,086338,2015,07,17,7.3,1,Y
IDCJAC0011,086338,2015,07,18,6.1,1,Y
IDCJAC0011,086338,2015,07,19,0.6,1,Y
IDCJAC0011,086338,2015,07,20,1.8,1,Y
IDCJAC0011,086338,2015,07,21,4.2,1,Y
IDCJAC0011,086338,2015,07,22,11.4,1,Y
IDCJAC0011,086338,2015,07,23,5.1,1,Y
IDCJAC0011,086338,2015,07,24,7.6,1,Y
IDCJAC0011,086338,2015,07,25,9.4,1,Y
IDCJAC0011,086338,2015,07,26,8.1,1,Y
IDCJAC0011,086338,2015,07,27,6.2,1,Y
IDCJAC0011,086338,2015,07,28,7.9,1,Y
IDCJAC0011,086338,2015,07,29,8.4,1,Y
IDCJAC0011,086338,2015,07,30,8.6,1,Y
IDCJAC0011,086338,2015,07,31,4.1,1,Y
IDCJAC0011,086338,2015,08,01,6.5,1,Y
IDCJAC0011,086338,2015,08,02,7.8,1,Y
IDCJAC0011,086338,2015,08,03,7.3,1,Y
IDCJAC0011,086338,2015,08,04,3.5,1,Y
IDCJAC0011,086338,2015,08,05,6.6,1,Y
IDCJAC0011,086338,2015,08,06,7.1,1,Y
IDCJAC0011,086338,2015,08,07,9.0,1,Y
IDCJAC0011,086338,2015,08,08,8.8,1,Y
IDCJAC0011,086338,2015,08,09,7.7,1,Y
IDCJAC0011,086338,2015,08,10,8.3,1,Y
IDCJAC0011,086338,2015,08,11,7.8,1,Y
IDCJAC0011,086338,2015,08,12,9.3,1,Y
IDCJAC0011,086338,2015,08,13,8.4,1,Y
IDCJAC0011,086338,2015,08,14,10.4,1,Y
IDCJAC0011,086338,2015,08,15,10.0,1,Y
IDCJAC0011,086338,2015,08,16,4.7,1,Y
IDCJAC0011,086338,2015,08,17,6.8,1,Y
IDCJAC0011,086338,2015,08,18,6.1,1,Y
IDCJAC0011,086338,2015,08,19,5.5,1,Y
IDCJAC0011,086338,2015,08,20,6.1,1,Y
IDCJAC0011,086338,2015,08,21,10.9,1,Y
IDCJAC0011,086338,2015,08,22,11.8,1,Y
IDCJAC0011,086338,2015,08,23,7.9,1,Y
IDCJAC0011,086338,2015,08,24,8.5,1,Y
IDCJAC0011,086338,2015,08,25,9.5,1,Y
IDCJAC0011,086338,2015,08,26,9.2,1,Y
IDCJAC0011,086338,2015,08,27,9.8,1,Y
IDCJAC0011,086338,2015,08,28,8.1,1,Y
IDCJAC0011,086338,2015,08,29,6.3,1,Y
IDCJAC0011,086338,2015,08,30,7.9,1,Y
IDCJAC0011,086338,2015,08,31,8.1,1,Y
IDCJAC0011,086338,2015,09,01,5.1,1,Y
IDCJAC0011,086338,2015,09,02,8.0,1,Y
IDCJAC0011,086338,2015,09,03,10.6,1,Y
IDCJAC0011,086338,2015,09,04,8.7,1,Y
IDCJAC0011,086338,2015,09,05,10.2,1,Y
IDCJAC0011,086338,2015,09,06,5.8,1,Y
IDCJAC0011,086338,2015,09,07,8.9,1,Y
IDCJAC0011,086338,2015,09,08,8.8,1,Y
IDCJAC0011,086338,2015,09,09,10.0,1,Y
IDCJAC0011,086338,2015,09,10,10.0,1,Y
IDCJAC0011,086338,2015,09,11,5.1,1,Y
IDCJAC0011,086338,2015,09,12,12.2,1,Y
IDCJAC0011,086338,2015,09,13,13.2,1,Y
IDCJAC0011,086338,2015,09,14,15.4,1,Y
IDCJAC0011,086338,2015,09,15,10.8,1,Y
IDCJAC0011,086338,2015,09,16,8.9,1,Y
IDCJAC0011,086338,2015,09,17,9.0,1,Y
IDCJAC0011,086338,2015,09,18,10.5,1,Y
IDCJAC0011,086338,2015,09,19,6.5,1,Y
IDCJAC0011,086338,2015,09,20,8.5,1,Y
IDCJAC0011,086338,2015,09,21,14.0,1,Y
IDCJAC0011,086338,2015,09,22,7.6,1,Y
IDCJAC0011,086338,2015,09,23,8.5,1,Y
IDCJAC0011,086338,2015,09,24,5.1,1,Y
IDCJAC0011,086338,2015,09,25,5.8,1,Y
IDCJAC0011,086338,2015,09,26,6.6,1,Y
IDCJAC0011,086338,2015,09,27,9.8,1,Y
IDCJAC0011,086338,2015,09,28,8.3,1,Y
IDCJAC0011,086338,2015,09,29,9.0,1,Y
IDCJAC0011,086338,2015,09,30,11.5,1,Y
IDCJAC0011,086338,2015,10,01,6.0,1,Y
IDCJAC0011,086338,2015,10,02,9.9,1,Y
IDCJAC0011,086338,2015,10,03,16.3,1,Y
IDCJAC0011,086338,2015,10,04,13.9,1,Y
IDCJAC0011,086338,2015,10,05,12.7,1,Y
IDCJAC0011,086338,2015,10,06,15.5,1,Y
IDCJAC0011,086338,2015,10,07,11.8,1,Y
IDCJAC0011,086338,2015,10,08,7.6,1,Y
IDCJAC0011,086338,2015,10,09,10.9,1,Y
IDCJAC0011,086338,2015,10,10,17.5,1,Y
IDCJAC0011,086338,2015,10,11,16.9,1,Y
IDCJAC0011,086338,2015,10,12,11.3,1,Y
IDCJAC0011,086338,2015,10,13,7.9,1,Y
IDCJAC0011,086338,2015,10,14,11.2,1,Y
IDCJAC0011,086338,2015,10,15,14.4,1,Y
IDCJAC0011,086338,2015,10,16,17.0,1,Y
IDCJAC0011,086338,2015,10,17,11.5,1,Y
IDCJAC0011,086338,2015,10,18,12.6,1,Y
IDCJAC0011,086338,2015,10,19,8.3,1,Y
IDCJAC0011,086338,2015,10,20,12.9,1,Y
IDCJAC0011,086338,2015,10,21,17.6,1,Y
IDCJAC0011,086338,2015,10,22,11.4,1,Y
IDCJAC0011,086338,2015,10,23,11.8,1,Y
IDCJAC0011,086338,2015,10,24,9.2,1,Y
IDCJAC0011,086338,2015,10,25,10.2,1,Y
IDCJAC0011,086338,2015,10,26,14.0,1,Y
IDCJAC0011,086338,2015,10,27,10.4,1,Y
IDCJAC0011,086338,2015,10,28,10.1,1,Y
IDCJAC0011,086338,2015,10,29,13.7,1,Y
IDCJAC0011,086338,2015,10,30,12.6,1,Y
IDCJAC0011,086338,2015,10,31,15.7,1,Y
IDCJAC0011,086338,2015,11,01,16.4,1,Y
IDCJAC0011,086338,2015,11,02,14.5,1,Y
IDCJAC0011,086338,2015,11,03,8.0,1,Y
IDCJAC0011,086338,2015,11,04,10.9,1,Y
IDCJAC0011,086338,2015,11,05,16.2,1,Y
IDCJAC0011,086338,2015,11,06,16.6,1,Y
IDCJAC0011,086338,2015,11,07,11.9,1,Y
IDCJAC0011,086338,2015,11,08,8.5,1,Y
IDCJAC0011,086338,2015,11,09,13.6,1,Y
IDCJAC0011,086338,2015,11,10,15.2,1,Y
IDCJAC0011,086338,2015,11,11,11.5,1,Y
IDCJAC0011,086338,2015,11,12,13.7,1,Y
IDCJAC0011,086338,2015,11,13,13.5,1,Y
IDCJAC0011,086338,2015,11,14,12.1,1,Y
IDCJAC0011,086338,2015,11,15,13.0,1,Y
IDCJAC0011,086338,2015,11,16,11.4,1,Y
IDCJAC0011,086338,2015,11,17,15.7,1,Y
IDCJAC0011,086338,2015,11,18,14.7,1,Y
IDCJAC0011,086338,2015,11,19,15.6,1,Y
IDCJAC0011,086338,2015,11,20,15.4,1,Y
IDCJAC0011,086338,2015,11,21,12.2,1,Y
IDCJAC0011,086338,2015,11,22,13.5,1,Y
IDCJAC0011,086338,2015,11,23,13.8,1,Y
IDCJAC0011,086338,2015,11,24,13.6,1,Y
IDCJAC0011,086338,2015,11,25,13.5,1,Y
IDCJAC0011,086338,2015,11,26,10.8,1,Y
IDCJAC0011,086338,2015,11,27,9.0,1,Y
IDCJAC0011,086338,2015,11,28,12.0,1,Y
IDCJAC0011,086338,2015,11,29,12.6,1,Y
IDCJAC0011,086338,2015,11,30,10.0,1,Y
IDCJAC0011,086338,2015,12,01,14.5,1,Y
IDCJAC0011,086338,2015,12,02,9.2,1,Y
IDCJAC0011,086338,2015,12,03,12.2,1,Y
IDCJAC0011,086338,2015,12,04,11.3,1,Y
IDCJAC0011,086338,2015,12,05,15.5,1,Y
IDCJAC0011,086338,2015,12,06,15.3,1,Y
IDCJAC0011,086338,2015,12,07,18.1,1,Y
IDCJAC0011,086338,2015,12,08,20.3,1,Y
IDCJAC0011,086338,2015,12,09,15.4,1,Y
IDCJAC0011,086338,2015,12,10,13.1,1,Y
IDCJAC0011,086338,2015,12,11,14.2,1,Y
IDCJAC0011,086338,2015,12,12,10.1,1,Y
IDCJAC0011,086338,2015,12,13,10.3,1,Y
IDCJAC0011,086338,2015,12,14,11.9,1,Y
IDCJAC0011,086338,2015,12,15,14.4,1,Y
IDCJAC0011,086338,2015,12,16,15.6,1,Y
IDCJAC0011,086338,2015,12,17,16.9,1,Y
IDCJAC0011,086338,2015,12,18,19.4,1,Y
IDCJAC0011,086338,2015,12,19,19.2,1,Y
IDCJAC0011,086338,2015,12,20,25.9,1,Y
IDCJAC0011,086338,2015,12,21,15.0,1,Y
IDCJAC0011,086338,2015,12,22,12.0,1,Y
IDCJAC0011,086338,2015,12,23,15.1,1,Y
IDCJAC0011,086338,2015,12,24,16.7,1,Y
IDCJAC0011,086338,2015,12,25,21.7,1,Y
IDCJAC0011,086338,2015,12,26,12.7,1,Y
IDCJAC0011,086338,2015,12,27,11.9,1,Y
IDCJAC0011,086338,2015,12,28,12.8,1,Y
IDCJAC0011,086338,2015,12,29,12.4,1,Y
IDCJAC0011,086338,2015,12,30,13.9,1,Y
IDCJAC0011,086338,2015,12,31,19.7,1,Y
IDCJAC0011,086338,2016,01,01,19.8,1,Y
IDCJAC0011,086338,2016,01,02,17.1,1,Y
IDCJAC0011,086338,2016,01,03,17.5,1,Y
IDCJAC0011,086338,2016,01,04,16.3,1,Y
IDCJAC0011,086338,2016,01,05,17.1,1,Y
IDCJAC0011,086338,2016,01,06,17.3,1,Y
IDCJAC0011,086338,2016,01,07,16.3,1,Y
IDCJAC0011,086338,2016,01,08,16.2,1,Y
IDCJAC0011,086338,2016,01,09,16.8,1,Y
IDCJAC0011,086338,2016,01,10,15.7,1,Y
IDCJAC0011,086338,2016,01,11,17.2,1,Y
IDCJAC0011,086338,2016,01,12,17.1,1,Y
IDCJAC0011,086338,2016,01,13,16.8,1,Y
IDCJAC0011,086338,2016,01,14,16.1,1,Y
IDCJAC0011,086338,2016,01,15,13.6,1,Y
IDCJAC0011,086338,2016,01,16,11.9,1,Y
IDCJAC0011,086338,2016,01,17,14.9,1,Y
IDCJAC0011,086338,2016,01,18,18.6,1,Y
IDCJAC0011,086338,2016,01,19,17.9,1,Y
IDCJAC0011,086338,2016,01,20,19.3,1,Y
IDCJAC0011,086338,2016,01,21,19.0,1,Y
IDCJAC0011,086338,2016,01,22,17.5,1,Y
IDCJAC0011,086338,2016,01,23,17.3,1,Y
IDCJAC0011,086338,2016,01,24,16.2,1,Y
IDCJAC0011,086338,2016,01,25,16.7,1,Y
IDCJAC0011,086338,2016,01,26,16.5,1,Y
IDCJAC0011,086338,2016,01,27,19.3,1,Y
IDCJAC0011,086338,2016,01,28,20.3,1,Y
IDCJAC0011,086338,2016,01,29,14.4,1,Y
IDCJAC0011,086338,2016,01,30,12.3,1,Y
IDCJAC0011,086338,2016,01,31,13.9,1,Y
IDCJAC0011,086338,2016,02,01,12.5,1,Y
IDCJAC0011,086338,2016,02,02,15.4,1,Y
IDCJAC0011,086338,2016,02,03,18.1,1,Y
IDCJAC0011,086338,2016,02,04,17.3,1,Y
IDCJAC0011,086338,2016,02,05,15.3,1,Y
IDCJAC0011,086338,2016,02,06,16.5,1,Y
IDCJAC0011,086338,2016,02,07,19.1,1,Y
IDCJAC0011,086338,2016,02,08,19.2,1,Y
IDCJAC0011,086338,2016,02,09,17.4,1,Y
IDCJAC0011,086338,2016,02,10,17.4,1,Y
IDCJAC0011,086338,2016,02,11,18.0,1,Y
IDCJAC0011,086338,2016,02,12,16.7,1,Y
IDCJAC0011,086338,2016,02,13,17.7,1,Y
IDCJAC0011,086338,2016,02,14,16.4,1,Y
IDCJAC0011,086338,2016,02,15,14.0,1,Y
IDCJAC0011,086338,2016,02,16,13.7,1,Y
IDCJAC0011,086338,2016,02,17,12.7,1,Y
IDCJAC0011,086338,2016,02,18,15.5,1,Y
IDCJAC0011,086338,2016,02,19,15.8,1,Y
IDCJAC0011,086338,2016,02,20,15.8,1,Y
IDCJAC0011,086338,2016,02,21,12.6,1,Y
IDCJAC0011,086338,2016,02,22,15.6,1,Y
IDCJAC0011,086338,2016,02,23,18.1,1,Y
IDCJAC0011,086338,2016,02,24,22.4,1,Y
IDCJAC0011,086338,2016,02,25,19.6,1,Y
IDCJAC0011,086338,2016,02,26,15.5,1,Y
IDCJAC0011,086338,2016,02,27,17.7,1,Y
IDCJAC0011,086338,2016,02,28,17.7,1,Y
IDCJAC0011,086338,2016,02,29,15.0,1,Y
IDCJAC0011,086338,2016,03,01,17.3,1,Y
IDCJAC0011,086338,2016,03,02,17.6,1,Y
IDCJAC0011,086338,2016,03,03,17.4,1,Y
IDCJAC0011,086338,2016,03,04,16.5,1,Y
IDCJAC0011,086338,2016,03,05,20.4,1,Y
IDCJAC0011,086338,2016,03,06,17.4,1,Y
IDCJAC0011,086338,2016,03,07,18.6,1,Y
IDCJAC0011,086338,2016,03,08,19.9,1,Y
IDCJAC0011,086338,2016,03,09,20.8,1,Y
IDCJAC0011,086338,2016,03,10,18.1,1,Y
IDCJAC0011,086338,2016,03,11,18.8,1,Y
IDCJAC0011,086338,2016,03,12,18.7,1,Y
IDCJAC0011,086338,2016,03,13,17.7,1,Y
IDCJAC0011,086338,2016,03,14,18.4,1,Y
IDCJAC0011,086338,2016,03,15,15.1,1,Y
IDCJAC0011,086338,2016,03,16,15.3,1,Y
IDCJAC0011,086338,2016,03,17,18.3,1,Y
IDCJAC0011,086338,2016,03,18,15.2,1,Y
IDCJAC0011,086338,2016,03,19,12.0,1,Y
IDCJAC0011,086338,2016,03,20,10.1,1,Y
IDCJAC0011,086338,2016,03,21,11.2,1,Y
IDCJAC0011,086338,2016,03,22,11.4,1,Y
IDCJAC0011,086338,2016,03,23,13.7,1,Y
IDCJAC0011,086338,2016,03,24,16.3,1,Y
IDCJAC0011,086338,2016,03,25,15.9,1,Y
IDCJAC0011,086338,2016,03,26,14.1,1,Y
IDCJAC0011,086338,2016,03,27,14.3,1,Y
IDCJAC0011,086338,2016,03,28,9.4,1,Y
IDCJAC0011,086338,2016,03,29,14.5,1,Y
IDCJAC0011,086338,2016,03,30,15.5,1,Y
IDCJAC0011,086338,2016,03,31,11.3,1,Y
IDCJAC0011,086338,2016,04,01,13.1,1,Y
IDCJAC0011,086338,2016,04,02,15.5,1,Y
IDCJAC0011,086338,2016,04,03,11.3,1,Y
IDCJAC0011,086338,2016,04,04,9.7,1,Y
IDCJAC0011,086338,2016,04,05,12.3,1,Y
IDCJAC0011,086338,2016,04,06,13.6,1,Y
IDCJAC0011,086338,2016,04,07,8.3,1,Y
IDCJAC0011,086338,2016,04,08,11.9,1,Y
IDCJAC0011,086338,2016,04,09,10.4,1,Y
IDCJAC0011,086338,2016,04,10,13.6,1,Y
IDCJAC0011,086338,2016,04,11,14.5,1,Y
IDCJAC0011,086338,2016,04,12,14.0,1,Y
IDCJAC0011,086338,2016,04,13,11.3,1,Y
IDCJAC0011,086338,2016,04,14,11.6,1,Y
IDCJAC0011,086338,2016,04,15,13.4,1,Y
IDCJAC0011,086338,2016,04,16,14.0,1,Y
IDCJAC0011,086338,2016,04,17,13.1,1,Y
IDCJAC0011,086338,2016,04,18,9.8,1,Y
IDCJAC0011,086338,2016,04,19,13.6,1,Y
IDCJAC0011,086338,2016,04,20,15.3,1,Y
IDCJAC0011,086338,2016,04,21,17.1,1,Y
IDCJAC0011,086338,2016,04,22,14.6,1,Y
IDCJAC0011,086338,2016,04,23,12.3,1,Y
IDCJAC0011,086338,2016,04,24,9.1,1,Y
IDCJAC0011,086338,2016,04,25,9.9,1,Y
IDCJAC0011,086338,2016,04,26,11.3,1,Y
IDCJAC0011,086338,2016,04,27,13.0,1,Y
IDCJAC0011,086338,2016,04,28,19.8,1,Y
IDCJAC0011,086338,2016,04,29,16.9,1,Y
IDCJAC0011,086338,2016,04,30,16.4,1,Y
IDCJAC0011,086338,2016,05,01,14.4,1,Y
IDCJAC0011,086338,2016,05,02,9.0,1,Y
IDCJAC0011,086338,2016,05,03,12.3,1,Y
IDCJAC0011,086338,2016,05,04,9.8,1,Y
IDCJAC0011,086338,2016,05,05,12.6,1,Y
IDCJAC0011,086338,2016,05,06,15.9,1,Y
IDCJAC0011,086338,2016,05,07,11.4,1,Y
IDCJAC0011,086338,2016,05,08,15.5,1,Y
IDCJAC0011,086338,2016,05,09,15.4,1,Y
IDCJAC0011,086338,2016,05,10,13.7,1,Y
IDCJAC0011,086338,2016,05,11,12.2,1,Y
IDCJAC0011,086338,2016,05,12,14.1,1,Y
IDCJAC0011,086338,2016,05,13,15.9,1,Y
IDCJAC0011,086338,2016,05,14,14.5,1,Y
IDCJAC0011,086338,2016,05,15,15.0,1,Y
IDCJAC0011,086338,2016,05,16,7.7,1,Y
IDCJAC0011,086338,2016,05,17,11.4,1,Y
IDCJAC0011,086338,2016,05,18,13.0,1,Y
IDCJAC0011,086338,2016,05,19,14.6,1,Y
IDCJAC0011,086338,2016,05,20,11.6,1,Y
IDCJAC0011,086338,2016,05,21,8.1,1,Y
IDCJAC0011,086338,2016,05,22,9.2,1,Y
IDCJAC0011,086338,2016,05,23,12.8,1,Y
IDCJAC0011,086338,2016,05,24,10.7,1,Y
IDCJAC0011,086338,2016,05,25,7.6,1,Y
IDCJAC0011,086338,2016,05,26,10.3,1,Y
IDCJAC0011,086338,2016,05,27,9.2,1,Y
IDCJAC0011,086338,2016,05,28,5.7,1,Y
IDCJAC0011,086338,2016,05,29,8.7,1,Y
IDCJAC0011,086338,2016,05,30,7.2,1,Y
IDCJAC0011,086338,2016,05,31,3.6,1,Y
IDCJAC0011,086338,2016,06,01,4.8,1,N
IDCJAC0011,086338,2016,06,02,4.8,1,N
IDCJAC0011,086338,2016,06,03,6.8,1,N
IDCJAC0011,086338,2016,06,04,9.8,1,N
IDCJAC0011,086338,2016,06,05,10.5,1,N
IDCJAC0011,086338,2016,06,06,8.9,1,N
IDCJAC0011,086338,2016,06,07,10.5,1,N
IDCJAC0011,086338,2016,06,08,9.7,1,N
IDCJAC0011,086338,2016,06,09,10.8,1,N
IDCJAC0011,086338,2016,06,10,10.4,1,N
IDCJAC0011,086338,2016,06,11,9.0,1,N
IDCJAC0011,086338,2016,06,12,5.0,1,N
IDCJAC0011,086338,2016,06,13,3.8,1,N
IDCJAC0011,086338,2016,06,14,8.6,1,N
IDCJAC0011,086338,2016,06,15,6.0,1,N
IDCJAC0011,086338,2016,06,16,7.8,1,N
IDCJAC0011,086338,2016,06,17,9.3,1,N
IDCJAC0011,086338,2016,06,18,10.0,1,N
IDCJAC0011,086338,2016,06,19,7.3,1,N
IDCJAC0011,086338,2016,06,20,9.1,1,N
IDCJAC0011,086338,2016,06,21,10.4,1,N
IDCJAC0011,086338,2016,06,22,11.2,1,N
IDCJAC0011,086338,2016,06,23,10.4,1,N
IDCJAC0011,086338,2016,06,24,6.9,1,N
IDCJAC0011,086338,2016,06,25,5.6,1,N
IDCJAC0011,086338,2016,06,26,3.0,1,N
IDCJAC0011,086338,2016,06,27,4.8,1,N
IDCJAC0011,086338,2016,06,28,5.0,1,N
IDCJAC0011,086338,2016,06,29,8.9,1,N
IDCJAC0011,086338,2016,06,30,10.3,1,N
IDCJAC0011,086338,2016,07,01,7.3,1,Y
IDCJAC0011,086338,2016,07,02,9.9,1,Y
IDCJAC0011,086338,2016,07,03,10.9,1,Y
IDCJAC0011,086338,2016,07,04,10.4,1,Y
IDCJAC0011,086338,2016,07,05,8.2,1,Y
IDCJAC0011,086338,2016,07,06,9.8,1,Y
IDCJAC0011,086338,2016,07,07,10.5,1,Y
IDCJAC0011,086338,2016,07,08,9.7,1,Y
IDCJAC0011,086338,2016,07,09,5.3,1,Y
IDCJAC0011,086338,2016,07,10,6.5,1,Y
IDCJAC0011,086338,2016,07,11,8.3,1,Y
IDCJAC0011,086338,2016,07,12,10.7,1,Y
IDCJAC0011,086338,2016,07,13,4.5,1,Y
IDCJAC0011,086338,2016,07,14,6.6,1,Y
IDCJAC0011,086338,2016,07,15,8.8,1,Y
IDCJAC0011,086338,2016,07,16,7.8,1,Y
IDCJAC0011,086338,2016,07,17,3.1,1,Y
IDCJAC0011,086338,2016,07,18,9.6,1,Y
IDCJAC0011,086338,2016,07,19,12.6,1,Y
IDCJAC0011,086338,2016,07,20,9.8,1,Y
IDCJAC0011,086338,2016,07,21,6.9,1,Y
IDCJAC0011,086338,2016,07,22,9.2,1,Y
IDCJAC0011,086338,2016,07,23,7.5,1,Y
IDCJAC0011,086338,2016,07,24,4.7,1,Y
IDCJAC0011,086338,2016,07,25,6.3,1,Y
IDCJAC0011,086338,2016,07,26,6.5,1,Y
IDCJAC0011,086338,2016,07,27,7.5,1,Y
IDCJAC0011,086338,2016,07,28,6.9,1,Y
IDCJAC0011,086338,2016,07,29,10.2,1,Y
IDCJAC0011,086338,2016,07,30,9.1,1,Y
IDCJAC0011,086338,2016,07,31,10.3,1,Y
IDCJAC0011,086338,2016,08,01,11.2,1,Y
IDCJAC0011,086338,2016,08,02,8.5,1,Y
IDCJAC0011,086338,2016,08,03,8.7,1,Y
IDCJAC0011,086338,2016,08,04,4.9,1,Y
IDCJAC0011,086338,2016,08,05,3.4,1,Y
IDCJAC0011,086338,2016,08,06,5.8,1,Y
IDCJAC0011,086338,2016,08,07,7.6,1,Y
IDCJAC0011,086338,2016,08,08,5.0,1,Y
IDCJAC0011,086338,2016,08,09,9.7,1,Y
IDCJAC0011,086338,2016,08,10,9.6,1,Y
IDCJAC0011,086338,2016,08,11,6.8,1,Y
IDCJAC0011,086338,2016,08,12,7.7,1,Y
IDCJAC0011,086338,2016,08,13,7.9,1,Y
IDCJAC0011,086338,2016,08,14,8.5,1,Y
IDCJAC0011,086338,2016,08,15,10.2,1,Y
IDCJAC0011,086338,2016,08,16,10.0,1,Y
IDCJAC0011,086338,2016,08,17,12.5,1,Y
IDCJAC0011,086338,2016,08,18,7.1,1,Y
IDCJAC0011,086338,2016,08,19,15.3,1,Y
IDCJAC0011,086338,2016,08,20,6.9,1,Y
IDCJAC0011,086338,2016,08,21,9.5,1,Y
IDCJAC0011,086338,2016,08,22,7.8,1,Y
IDCJAC0011,086338,2016,08,23,7.0,1,Y
IDCJAC0011,086338,2016,08,24,3.7,1,Y
IDCJAC0011,086338,2016,08,25,6.5,1,Y
IDCJAC0011,086338,2016,08,26,7.2,1,Y
IDCJAC0011,086338,2016,08,27,9.3,1,Y
IDCJAC0011,086338,2016,08,28,10.5,1,Y
IDCJAC0011,086338,2016,08,29,8.7,1,Y
IDCJAC0011,086338,2016,08,30,10.2,1,Y
IDCJAC0011,086338,2016,08,31,12.8,1,Y
IDCJAC0011,086338,2016,09,01,11.6,1,N
IDCJAC0011,086338,2016,09,02,9.6,1,N
IDCJAC0011,086338,2016,09,03,10.0,1,N
IDCJAC0011,086338,2016,09,04,10.1,1,N
IDCJAC0011,086338,2016,09,05,12.8,1,N
IDCJAC0011,086338,2016,09,06,9.2,1,N
IDCJAC0011,086338,2016,09,07,9.6,1,N
IDCJAC0011,086338,2016,09,08,13.1,1,N
IDCJAC0011,086338,2016,09,09,16.0,1,N
IDCJAC0011,086338,2016,09,10,11.5,1,N
IDCJAC0011,086338,2016,09,11,7.3,1,N
IDCJAC0011,086338,2016,09,12,9.9,1,N
IDCJAC0011,086338,2016,09,13,9.6,1,N
IDCJAC0011,086338,2016,09,14,10.5,1,N
IDCJAC0011,086338,2016,09,15,8.7,1,N
IDCJAC0011,086338,2016,09,16,9.0,1,N
IDCJAC0011,086338,2016,09,17,11.1,1,N
IDCJAC0011,086338,2016,09,18,10.8,1,N
IDCJAC0011,086338,2016,09,19,8.5,1,N
IDCJAC0011,086338,2016,09,20,9.1,1,N
IDCJAC0011,086338,2016,09,21,10.9,1,N
IDCJAC0011,086338,2016,09,22,9.6,1,N
IDCJAC0011,086338,2016,09,23,9.8,1,N
IDCJAC0011,086338,2016,09,24,10.0,1,N
IDCJAC0011,086338,2016,09,25,9.5,1,N
IDCJAC0011,086338,2016,09,26,8.1,1,N
IDCJAC0011,086338,2016,09,27,7.4,1,N
IDCJAC0011,086338,2016,09,28,7.5,1,N
IDCJAC0011,086338,2016,09,29,12.5,1,N
IDCJAC0011,086338,2016,09,30,9.3,1,N
IDCJAC0011,086338,2016,10,01,11.6,1,Y
IDCJAC0011,086338,2016,10,02,12.1,1,Y
IDCJAC0011,086338,2016,10,03,11.1,1,Y
IDCJAC0011,086338,2016,10,04,10.6,1,Y
IDCJAC0011,086338,2016,10,05,8.0,1,Y
IDCJAC0011,086338,2016,10,06,9.7,1,Y
IDCJAC0011,086338,2016,10,07,14.1,1,Y
IDCJAC0011,086338,2016,10,08,9.7,1,Y
IDCJAC0011,086338,2016,10,09,9.5,1,Y
IDCJAC0011,086338,2016,10,10,13.0,1,Y
IDCJAC0011,086338,2016,10,11,7.5,1,Y
IDCJAC0011,086338,2016,10,12,10.2,1,Y
IDCJAC0011,086338,2016,10,13,6.8,1,Y
IDCJAC0011,086338,2016,10,14,5.2,1,Y
IDCJAC0011,086338,2016,10,15,9.4,1,Y
IDCJAC0011,086338,2016,10,16,17.4,1,Y
IDCJAC0011,086338,2016,10,17,9.8,1,Y
IDCJAC0011,086338,2016,10,18,9.6,1,Y
IDCJAC0011,086338,2016,10,19,7.5,1,Y
IDCJAC0011,086338,2016,10,20,6.8,1,Y
IDCJAC0011,086338,2016,10,21,14.8,1,Y
IDCJAC0011,086338,2016,10,22,6.9,1,Y
IDCJAC0011,086338,2016,10,23,7.9,1,Y
IDCJAC0011,086338,2016,10,24,9.4,1,Y
IDCJAC0011,086338,2016,10,25,9.6,1,Y
IDCJAC0011,086338,2016,10,26,16.5,1,Y
IDCJAC0011,086338,2016,10,27,10.1,1,Y
IDCJAC0011,086338,2016,10,28,6.3,1,Y
IDCJAC0011,086338,2016,10,29,9.3,1,Y
IDCJAC0011,086338,2016,10,30,12.7,1,Y
IDCJAC0011,086338,2016,10,31,7.9,1,Y
IDCJAC0011,086338,2016,11,01,9.4,1,Y
IDCJAC0011,086338,2016,11,02,9.7,1,Y
IDCJAC0011,086338,2016,11,03,10.0,1,Y
IDCJAC0011,086338,2016,11,04,10.2,1,Y
IDCJAC0011,086338,2016,11,05,10.0,1,Y
IDCJAC0011,086338,2016,11,06,11.5,1,Y
IDCJAC0011,086338,2016,11,07,14.6,1,Y
IDCJAC0011,086338,2016,11,08,11.0,1,Y
IDCJAC0011,086338,2016,11,09,9.2,1,Y
IDCJAC0011,086338,2016,11,10,11.9,1,Y
IDCJAC0011,086338,2016,11,11,8.4,1,Y
IDCJAC0011,086338,2016,11,12,13.2,1,Y
IDCJAC0011,086338,2016,11,13,11.7,1,Y
IDCJAC0011,086338,2016,11,14,11.5,1,Y
IDCJAC0011,086338,2016,11,15,11.0,1,Y
IDCJAC0011,086338,2016,11,16,11.9,1,Y
IDCJAC0011,086338,2016,11,17,12.0,1,Y
IDCJAC0011,086338,2016,11,18,15.3,1,Y
IDCJAC0011,086338,2016,11,19,11.7,1,Y
IDCJAC0011,086338,2016,11,20,11.9,1,Y
IDCJAC0011,086338,2016,11,21,17.9,1,Y
IDCJAC0011,086338,2016,11,22,14.5,1,Y
IDCJAC0011,086338,2016,11,23,11.0,1,Y
IDCJAC0011,086338,2016,11,24,10.3,1,Y
IDCJAC0011,086338,2016,11,25,10.9,1,Y
IDCJAC0011,086338,2016,11,26,12.2,1,Y
IDCJAC0011,086338,2016,11,27,11.6,1,Y
IDCJAC0011,086338,2016,11,28,12.2,1,Y
IDCJAC0011,086338,2016,11,29,10.4,1,Y
IDCJAC0011,086338,2016,11,30,13.3,1,Y
IDCJAC0011,086338,2016,12,01,12.9,1,Y
IDCJAC0011,086338,2016,12,02,13.0,1,Y
IDCJAC0011,086338,2016,12,03,9.9,1,Y
IDCJAC0011,086338,2016,12,04,12.7,1,Y
IDCJAC0011,086338,2016,12,05,16.9,1,Y
IDCJAC0011,086338,2016,12,06,12.8,1,Y
IDCJAC0011,086338,2016,12,07,10.5,1,Y
IDCJAC0011,086338,2016,12,08,15.4,1,Y
IDCJAC0011,086338,2016,12,09,10.0,1,Y
IDCJAC0011,086338,2016,12,10,11.2,1,Y
IDCJAC0011,086338,2016,12,11,12.9,1,Y
IDCJAC0011,086338,2016,12,12,10.7,1,Y
IDCJAC0011,086338,2016,12,13,16.5,1,Y
IDCJAC0011,086338,2016,12,14,15.7,1,Y
IDCJAC0011,086338,2016,12,15,11.7,1,Y
IDCJAC0011,086338,2016,12,16,9.7,1,Y
IDCJAC0011,086338,2016,12,17,15.1,1,Y
IDCJAC0011,086338,2016,12,18,10.0,1,Y
IDCJAC0011,086338,2016,12,19,8.8,1,Y
IDCJAC0011,086338,2016,12,20,14.4,1,Y
IDCJAC0011,086338,2016,12,21,13.5,1,Y
IDCJAC0011,086338,2016,12,22,14.6,1,Y
IDCJAC0011,086338,2016,12,23,12.5,1,Y
IDCJAC0011,086338,2016,12,24,16.2,1,Y
IDCJAC0011,086338,2016,12,25,16.4,1,Y
IDCJAC0011,086338,2016,12,26,25.4,1,Y
IDCJAC0011,086338,2016,12,27,18.0,1,Y
IDCJAC0011,086338,2016,12,28,20.3,1,Y
IDCJAC0011,086338,2016,12,29,27.0,1,Y
IDCJAC0011,086338,2016,12,30,20.1,1,Y
IDCJAC0011,086338,2016,12,31,17.3,1,Y
IDCJAC0011,086338,2017,01,01,16.8,1,Y
IDCJAC0011,086338,2017,01,02,14.8,1,Y
IDCJAC0011,086338,2017,01,03,14.6,1,Y
IDCJAC0011,086338,2017,01,04,13.3,1,Y
IDCJAC0011,086338,2017,01,05,18.5,1,Y
IDCJAC0011,086338,2017,01,06,18.3,1,Y
IDCJAC0011,086338,2017,01,07,20.9,1,Y
IDCJAC0011,086338,2017,01,08,28.0,1,Y
IDCJAC0011,086338,2017,01,09,18.5,1,Y
IDCJAC0011,086338,2017,01,10,17.7,1,Y
IDCJAC0011,086338,2017,01,11,16.6,1,Y
IDCJAC0011,086338,2017,01,12,14.9,1,Y
IDCJAC0011,086338,2017,01,13,17.5,1,Y
IDCJAC0011,086338,2017,01,14,15.2,1,Y
IDCJAC0011,086338,2017,01,15,15.2,1,Y
IDCJAC0011,086338,2017,01,16,12.2,1,Y
IDCJAC0011,086338,2017,01,17,16.4,1,Y
IDCJAC0011,086338,2017,01,18,15.6,1,Y
IDCJAC0011,086338,2017,01,19,11.0,1,Y
IDCJAC0011,086338,2017,01,20,16.1,1,Y
IDCJAC0011,086338,2017,01,21,15.3,1,Y
IDCJAC0011,086338,2017,01,22,12.7,1,Y
IDCJAC0011,086338,2017,01,23,17.8,1,Y
IDCJAC0011,086338,2017,01,24,19.1,1,Y
IDCJAC0011,086338,2017,01,25,13.5,1,Y
IDCJAC0011,086338,2017,01,26,16.4,1,Y
IDCJAC0011,086338,2017,01,27,17.0,1,Y
IDCJAC0011,086338,2017,01,28,15.0,1,Y
IDCJAC0011,086338,2017,01,29,15.1,1,Y
IDCJAC0011,086338,2017,01,30,17.8,1,Y
IDCJAC0011,086338,2017,01,31,16.5,1,Y
IDCJAC0011,086338,2017,02,01,14.3,1,N
IDCJAC0011,086338,2017,02,02,14.2,1,N
IDCJAC0011,086338,2017,02,03,15.4,1,N
IDCJAC0011,086338,2017,02,04,14.6,1,N
IDCJAC0011,086338,2017,02,05,18.5,1,N
IDCJAC0011,086338,2017,02,06,15.1,1,N
IDCJAC0011,086338,2017,02,07,15.4,1,N
IDCJAC0011,086338,2017,02,08,16.5,1,N
IDCJAC0011,086338,2017,02,09,20.3,1,N
IDCJAC0011,086338,2017,02,10,18.7,1,N
IDCJAC0011,086338,2017,02,11,18.5,1,N
IDCJAC0011,086338,2017,02,12,15.1,1,N
IDCJAC0011,086338,2017,02,13,14.0,1,N
IDCJAC0011,086338,2017,02,14,14.5,1,N
IDCJAC0011,086338,2017,02,15,10.0,1,N
IDCJAC0011,086338,2017,02,16,14.9,1,N
IDCJAC0011,086338,2017,02,17,13.7,1,N
IDCJAC0011,086338,2017,02,18,13.3,1,N
IDCJAC0011,086338,2017,02,19,11.7,1,N
IDCJAC0011,086338,2017,02,20,11.6,1,N
IDCJAC0011,086338,2017,02,21,10.1,1,N
IDCJAC0011,086338,2017,02,22,12.8,1,N
IDCJAC0011,086338,2017,02,23,15.9,1,N
IDCJAC0011,086338,2017,02,24,15.8,1,N
IDCJAC0011,086338,2017,02,25,13.7,1,N
IDCJAC0011,086338,2017,02,26,13.2,1,N
IDCJAC0011,086338,2017,02,27,15.6,1,N
IDCJAC0011,086338,2017,02,28,17.3,1,N
IDCJAC0011,086338,2017,03,01,16.6,1,Y
IDCJAC0011,086338,2017,03,02,17.7,1,Y
IDCJAC0011,086338,2017,03,03,18.1,1,Y
IDCJAC0011,086338,2017,03,04,16.1,1,Y
IDCJAC0011,086338,2017,03,05,17.6,1,Y
IDCJAC0011,086338,2017,03,06,17.7,1,Y
IDCJAC0011,086338,2017,03,07,15.0,1,Y
IDCJAC0011,086338,2017,03,08,14.2,1,Y
IDCJAC0011,086338,2017,03,09,15.0,1,Y
IDCJAC0011,086338,2017,03,10,18.5,1,Y
IDCJAC0011,086338,2017,03,11,18.0,1,Y
IDCJAC0011,086338,2017,03,12,17.9,1,Y
IDCJAC0011,086338,2017,03,13,15.7,1,Y
IDCJAC0011,086338,2017,03,14,18.8,1,Y
IDCJAC0011,086338,2017,03,15,20.8,1,Y
IDCJAC0011,086338,2017,03,16,21.7,1,Y
IDCJAC0011,086338,2017,03,17,15.8,1,Y
IDCJAC0011,086338,2017,03,18,12.4,1,Y
IDCJAC0011,086338,2017,03,19,14.5,1,Y
IDCJAC0011,086338,2017,03,20,19.3,1,Y
IDCJAC0011,086338,2017,03,21,19.9,1,Y
IDCJAC0011,086338,2017,03,22,17.8,1,Y
IDCJAC0011,086338,2017,03,23,16.2,1,Y
IDCJAC0011,086338,2017,03,24,13.9,1,Y
IDCJAC0011,086338,2017,03,25,15.3,1,Y
IDCJAC0011,086338,2017,03,26,19.3,1,Y
IDCJAC0011,086338,2017,03,27,19.3,1,Y
IDCJAC0011,086338,2017,03,28,11.9,1,Y
IDCJAC0011,086338,2017,03,29,13.9,1,Y
IDCJAC0011,086338,2017,03,30,10.2,1,Y
IDCJAC0011,086338,2017,03,31,10.1,1,Y
IDCJAC0011,086338,2017,04,01,10.0,1,N
IDCJAC0011,086338,2017,04,02,11.7,1,N
IDCJAC0011,086338,2017,04,03,8.2,1,N
IDCJAC0011,086338,2017,04,04,10.0,1,N
IDCJAC0011,086338,2017,04,05,11.0,1,N
IDCJAC0011,086338,2017,04,06,12.0,1,N
IDCJAC0011,086338,2017,04,07,12.7,1,N
IDCJAC0011,086338,2017,04,08,18.6,1,N
IDCJAC0011,086338,2017,04,09,11.7,1,N
IDCJAC0011,086338,2017,04,10,9.0,1,N
IDCJAC0011,086338,2017,04,11,12.3,1,N
IDCJAC0011,086338,2017,04,12,10.8,1,N
IDCJAC0011,086338,2017,04,13,10.9,1,N
IDCJAC0011,086338,2017,04,14,13.0,1,N
IDCJAC0011,086338,2017,04,15,11.8,1,N
IDCJAC0011,086338,2017,04,16,9.9,1,N
IDCJAC0011,086338,2017,04,17,11.1,1,N
IDCJAC0011,086338,2017,04,18,9.5,1,N
IDCJAC0011,086338,2017,04,19,13.0,1,N
IDCJAC0011,086338,2017,04,20,14.6,1,N
IDCJAC0011,086338,2017,04,21,16.5,1,N
IDCJAC0011,086338,2017,04,22,16.9,1,N
IDCJAC0011,086338,2017,04,23,14.4,1,N
IDCJAC0011,086338,2017,04,24,15.9,1,N
IDCJAC0011,086338,2017,04,25,16.2,1,N
IDCJAC0011,086338,2017,04,26,10.1,1,N
IDCJAC0011,086338,2017,04,27,8.3,1,N
IDCJAC0011,086338,2017,04,28,9.4,1,N
IDCJAC0011,086338,2017,04,29,14.9,1,N
IDCJAC0011,086338,2017,04,30,13.6,1,N
IDCJAC0011,086338,2017,05,01,13.6,1,Y
IDCJAC0011,086338,2017,05,02,10.4,1,Y
IDCJAC0011,086338,2017,05,03,7.4,1,Y
IDCJAC0011,086338,2017,05,04,5.8,1,Y
IDCJAC0011,086338,2017,05,05,6.2,1,Y
IDCJAC0011,086338,2017,05,06,9.6,1,Y
IDCJAC0011,086338,2017,05,07,8.9,1,Y
IDCJAC0011,086338,2017,05,08,10.1,1,Y
IDCJAC0011,086338,2017,05,09,10.9,1,Y
IDCJAC0011,086338,2017,05,10,8.1,1,Y
IDCJAC0011,086338,2017,05,11,6.1,1,Y
IDCJAC0011,086338,2017,05,12,5.9,1,Y
IDCJAC0011,086338,2017,05,13,8.4,1,Y
IDCJAC0011,086338,2017,05,14,6.4,1,Y
IDCJAC0011,086338,2017,05,15,6.3,1,Y
IDCJAC0011,086338,2017,05,16,5.6,1,Y
IDCJAC0011,086338,2017,05,17,7.6,1,Y
IDCJAC0011,086338,2017,05,18,10.7,1,Y
IDCJAC0011,086338,2017,05,19,10.2,1,Y
IDCJAC0011,086338,2017,05,20,10.2,1,Y
IDCJAC0011,086338,2017,05,21,10.8,1,Y
IDCJAC0011,086338,2017,05,22,10.4,1,Y
IDCJAC0011,086338,2017,05,23,12.8,1,Y
IDCJAC0011,086338,2017,05,24,11.7,1,Y
IDCJAC0011,086338,2017,05,25,13.7,1,Y
IDCJAC0011,086338,2017,05,26,13.1,1,Y
IDCJAC0011,086338,2017,05,27,11.9,1,Y
IDCJAC0011,086338,2017,05,28,10.2,1,Y
IDCJAC0011,086338,2017,05,29,7.7,1,Y
IDCJAC0011,086338,2017,05,30,9.3,1,Y
IDCJAC0011,086338,2017,05,31,6.7,1,Y
IDCJAC0011,086338,2017,06,01,7.9,1,Y
IDCJAC0011,086338,2017,06,02,8.0,1,Y
IDCJAC0011,086338,2017,06,03,9.9,1,Y
IDCJAC0011,086338,2017,06,04,4.4,1,Y
IDCJAC0011,086338,2017,06,05,5.6,1,Y
IDCJAC0011,086338,2017,06,06,8.7,1,Y
IDCJAC0011,086338,2017,06,07,5.9,1,Y
IDCJAC0011,086338,2017,06,08,3.6,1,Y
IDCJAC0011,086338,2017,06,09,6.6,1,Y
IDCJAC0011,086338,2017,06,10,7.0,1,Y
IDCJAC0011,086338,2017,06,11,3.4,1,Y
IDCJAC0011,086338,2017,06,12,6.0,1,Y
IDCJAC0011,086338,2017,06,13,8.8,1,Y
IDCJAC0011,086338,2017,06,14,4.0,1,Y
IDCJAC0011,086338,2017,06,15,7.7,1,Y
IDCJAC0011,086338,2017,06,16,6.6,1,Y
IDCJAC0011,086338,2017,06,17,4.2,1,Y
IDCJAC0011,086338,2017,06,18,5.4,1,Y
IDCJAC0011,086338,2017,06,19,7.1,1,Y
IDCJAC0011,086338,2017,06,20,6.4,1,Y
IDCJAC0011,086338,2017,06,21,7.8,1,Y
IDCJAC0011,086338,2017,06,22,6.7,1,Y
IDCJAC0011,086338,2017,06,23,7.4,1,Y
IDCJAC0011,086338,2017,06,24,8.3,1,Y
IDCJAC0011,086338,2017,06,25,8.6,1,Y
IDCJAC0011,086338,2017,06,26,8.8,1,Y
IDCJAC0011,086338,2017,06,27,6.0,1,Y
IDCJAC0011,086338,2017,06,28,6.8,1,Y
IDCJAC0011,086338,2017,06,29,9.2,1,Y
IDCJAC0011,086338,2017,06,30,7.1,1,Y
IDCJAC0011,086338,2017,07,01,1.1,1,N
IDCJAC0011,086338,2017,07,02,0.8,1,N
IDCJAC0011,086338,2017,07,03,3.8,1,N
IDCJAC0011,086338,2017,07,04,9.0,1,N
IDCJAC0011,086338,2017,07,05,10.1,1,N
IDCJAC0011,086338,2017,07,06,4.8,1,N
IDCJAC0011,086338,2017,07,07,8.0,1,N
IDCJAC0011,086338,2017,07,08,5.3,1,N
IDCJAC0011,086338,2017,07,09,7.3,1,N
IDCJAC0011,086338,2017,07,10,7.0,1,N
IDCJAC0011,086338,2017,07,11,6.9,1,N
IDCJAC0011,086338,2017,07,12,3.2,1,N
IDCJAC0011,086338,2017,07,13,4.8,1,N
IDCJAC0011,086338,2017,07,14,9.9,1,N
IDCJAC0011,086338,2017,07,15,4.5,1,N
IDCJAC0011,086338,2017,07,16,3.0,1,N
IDCJAC0011,086338,2017,07,17,5.7,1,N
IDCJAC0011,086338,2017,07,18,9.7,1,N
IDCJAC0011,086338,2017,07,19,8.9,1,N
IDCJAC0011,086338,2017,07,20,7.9,1,N
IDCJAC0011,086338,2017,07,21,3.3,1,N
IDCJAC0011,086338,2017,07,22,5.4,1,N
IDCJAC0011,086338,2017,07,23,8.4,1,N
IDCJAC0011,086338,2017,07,24,8.1,1,N
IDCJAC0011,086338,2017,07,25,9.8,1,N
IDCJAC0011,086338,2017,07,26,10.9,1,N
IDCJAC0011,086338,2017,07,27,4.4,1,N
IDCJAC0011,086338,2017,07,28,6.2,1,N
IDCJAC0011,086338,2017,07,29,9.7,1,N
IDCJAC0011,086338,2017,07,30,11.3,1,N
IDCJAC0011,086338,2017,07,31,6.7,1,N
IDCJAC0011,086338,2017,08,01,3.5,1,Y
IDCJAC0011,086338,2017,08,02,3.4,1,Y
IDCJAC0011,086338,2017,08,03,3.1,1,Y
IDCJAC0011,086338,2017,08,04,4.3,1,Y
IDCJAC0011,086338,2017,08,05,8.8,1,Y
IDCJAC0011,086338,2017,08,06,9.0,1,Y
IDCJAC0011,086338,2017,08,07,7.7,1,Y
IDCJAC0011,086338,2017,08,08,7.9,1,Y
IDCJAC0011,086338,2017,08,09,8.9,1,Y
IDCJAC0011,086338,2017,08,10,11.4,1,Y
IDCJAC0011,086338,2017,08,11,10.3,1,Y
IDCJAC0011,086338,2017,08,12,10.3,1,Y
IDCJAC0011,086338,2017,08,13,9.4,1,Y
IDCJAC0011,086338,2017,08,14,12.3,1,Y
IDCJAC0011,086338,2017,08,15,10.4,1,Y
IDCJAC0011,086338,2017,08,16,12.1,1,Y
IDCJAC0011,086338,2017,08,17,9.3,1,Y
IDCJAC0011,086338,2017,08,18,8.0,1,Y
IDCJAC0011,086338,2017,08,19,5.9,1,Y
IDCJAC0011,086338,2017,08,20,5.1,1,Y
IDCJAC0011,086338,2017,08,21,6.8,1,Y
IDCJAC0011,086338,2017,08,22,5.7,1,Y
IDCJAC0011,086338,2017,08,23,8.3,1,Y
IDCJAC0011,086338,2017,08,24,5.2,1,Y
IDCJAC0011,086338,2017,08,25,4.9,1,Y
IDCJAC0011,086338,2017,08,26,9.9,1,Y
IDCJAC0011,086338,2017,08,27,5.8,1,Y
IDCJAC0011,086338,2017,08,28,5.8,1,Y
IDCJAC0011,086338,2017,08,29,5.4,1,Y
IDCJAC0011,086338,2017,08,30,7.7,1,Y
IDCJAC0011,086338,2017,08,31,4.0,1,Y
IDCJAC0011,086338,2017,09,01,3.7,1,Y
IDCJAC0011,086338,2017,09,02,7.3,1,Y
IDCJAC0011,086338,2017,09,03,13.4,1,Y
IDCJAC0011,086338,2017,09,04,8.8,1,Y
IDCJAC0011,086338,2017,09,05,6.5,1,Y
IDCJAC0011,086338,2017,09,06,6.7,1,Y
IDCJAC0011,086338,2017,09,07,7.9,1,Y
IDCJAC0011,086338,2017,09,08,8.0,1,Y
IDCJAC0011,086338,2017,09,09,7.1,1,Y
IDCJAC0011,086338,2017,09,10,5.3,1,Y
IDCJAC0011,086338,2017,09,11,8.1,1,Y
IDCJAC0011,086338,2017,09,12,12.2,1,Y
IDCJAC0011,086338,2017,09,13,13.3,1,Y
IDCJAC0011,086338,2017,09,14,5.8,1,Y
IDCJAC0011,086338,2017,09,15,9.6,1,Y
IDCJAC0011,086338,2017,09,16,7.4,1,Y
IDCJAC0011,086338,2017,09,17,4.0,1,Y
IDCJAC0011,086338,2017,09,18,10.5,1,Y
IDCJAC0011,086338,2017,09,19,9.0,1,Y
IDCJAC0011,086338,2017,09,20,6.0,1,Y
IDCJAC0011,086338,2017,09,21,11.6,1,Y
IDCJAC0011,086338,2017,09,22,12.8,1,Y
IDCJAC0011,086338,2017,09,23,14.8,1,Y
IDCJAC0011,086338,2017,09,24,12.9,1,Y
IDCJAC0011,086338,2017,09,25,10.3,1,Y
IDCJAC0011,086338,2017,09,26,5.0,1,Y
IDCJAC0011,086338,2017,09,27,9.6,1,Y
IDCJAC0011,086338,2017,09,28,10.4,1,Y
IDCJAC0011,086338,2017,09,29,10.6,1,Y
IDCJAC0011,086338,2017,09,30,11.0,1,Y
IDCJAC0011,086338,2017,10,01,9.7,1,N
IDCJAC0011,086338,2017,10,02,9.5,1,N
IDCJAC0011,086338,2017,10,03,6.8,1,N
IDCJAC0011,086338,2017,10,04,8.5,1,N
IDCJAC0011,086338,2017,10,05,11.7,1,N
IDCJAC0011,086338,2017,10,06,10.1,1,N
IDCJAC0011,086338,2017,10,07,7.2,1,N
IDCJAC0011,086338,2017,10,08,11.1,1,N
IDCJAC0011,086338,2017,10,09,14.0,1,N
IDCJAC0011,086338,2017,10,10,8.0,1,N
IDCJAC0011,086338,2017,10,11,9.8,1,N
IDCJAC0011,086338,2017,10,12,10.5,1,N
IDCJAC0011,086338,2017,10,13,13.1,1,N
IDCJAC0011,086338,2017,10,14,8.2,1,N
IDCJAC0011,086338,2017,10,15,6.8,1,N
IDCJAC0011,086338,2017,10,16,11.3,1,N
IDCJAC0011,086338,2017,10,17,12.8,1,N
IDCJAC0011,086338,2017,10,18,14.5,1,N
IDCJAC0011,086338,2017,10,19,21.7,1,N
IDCJAC0011,086338,2017,10,20,11.3,1,N
IDCJAC0011,086338,2017,10,21,11.0,1,N
IDCJAC0011,086338,2017,10,22,11.1,1,N
IDCJAC0011,086338,2017,10,23,11.9,1,N
IDCJAC0011,086338,2017,10,24,12.1,1,N
IDCJAC0011,086338,2017,10,25,13.3,1,N
IDCJAC0011,086338,2017,10,26,12.9,1,N
IDCJAC0011,086338,2017,10,27,10.3,1,N
IDCJAC0011,086338,2017,10,28,15.0,1,N
IDCJAC0011,086338,2017,10,29,11.5,1,N
IDCJAC0011,086338,2017,10,30,8.8,1,N
IDCJAC0011,086338,2017,10,31,8.1,1,N
IDCJAC0011,086338,2017,11,01,11.9,1,Y
IDCJAC0011,086338,2017,11,02,11.3,1,Y
IDCJAC0011,086338,2017,11,03,9.4,1,Y
IDCJAC0011,086338,2017,11,04,8.3,1,Y
IDCJAC0011,086338,2017,11,05,6.4,1,Y
IDCJAC0011,086338,2017,11,06,10.9,1,Y
IDCJAC0011,086338,2017,11,07,10.0,1,Y
IDCJAC0011,086338,2017,11,08,12.1,1,Y
IDCJAC0011,086338,2017,11,09,8.7,1,Y
IDCJAC0011,086338,2017,11,10,12.1,1,Y
IDCJAC0011,086338,2017,11,11,14.8,1,Y
IDCJAC0011,086338,2017,11,12,13.2,1,Y
IDCJAC0011,086338,2017,11,13,13.7,1,Y
IDCJAC0011,086338,2017,11,14,18.2,1,Y
IDCJAC0011,086338,2017,11,15,21.5,1,Y
IDCJAC0011,086338,2017,11,16,18.1,1,Y
IDCJAC0011,086338,2017,11,17,16.4,1,Y
IDCJAC0011,086338,2017,11,18,16.1,1,Y
IDCJAC0011,086338,2017,11,19,15.1,1,Y
IDCJAC0011,086338,2017,11,20,16.6,1,Y
IDCJAC0011,086338,2017,11,21,17.8,1,Y
IDCJAC0011,086338,2017,11,22,18.7,1,Y
IDCJAC0011,086338,2017,11,23,16.2,1,Y
IDCJAC0011,086338,2017,11,24,18.6,1,Y
IDCJAC0011,086338,2017,11,25,19.3,1,Y
IDCJAC0011,086338,2017,11,26,19.4,1,Y
IDCJAC0011,086338,2017,11,27,16.5,1,Y
IDCJAC0011,086338,2017,11,28,13.7,1,Y
IDCJAC0011,086338,2017,11,29,18.5,1,Y
IDCJAC0011,086338,2017,11,30,22.5,1,Y
IDCJAC0011,086338,2017,12,01,21.5,1,N
IDCJAC0011,086338,2017,12,02,14.7,1,N
IDCJAC0011,086338,2017,12,03,11.5,1,N
IDCJAC0011,086338,2017,12,04,12.4,1,N
IDCJAC0011,086338,2017,12,05,10.8,1,N
IDCJAC0011,086338,2017,12,06,13.6,1,N
IDCJAC0011,086338,2017,12,07,11.6,1,N
IDCJAC0011,086338,2017,12,08,11.4,1,N
IDCJAC0011,086338,2017,12,09,12.7,1,N
IDCJAC0011,086338,2017,12,10,14.5,1,N
IDCJAC0011,086338,2017,12,11,16.4,1,N
IDCJAC0011,086338,2017,12,12,15.8,1,N
IDCJAC0011,086338,2017,12,13,15.8,1,N
IDCJAC0011,086338,2017,12,14,20.5,1,N
IDCJAC0011,086338,2017,12,15,14.1,1,N
IDCJAC0011,086338,2017,12,16,13.8,1,N
IDCJAC0011,086338,2017,12,17,15.7,1,N
IDCJAC0011,086338,2017,12,18,17.1,1,N
IDCJAC0011,086338,2017,12,19,19.7,1,N
IDCJAC0011,086338,2017,12,20,15.8,1,N
IDCJAC0011,086338,2017,12,21,12.3,1,N
IDCJAC0011,086338,2017,12,22,13.6,1,N
IDCJAC0011,086338,2017,12,23,14.7,1,N
IDCJAC0011,086338,2017,12,24,15.8,1,N
IDCJAC0011,086338,2017,12,25,15.1,1,N
IDCJAC0011,086338,2017,12,26,12.5,1,N
IDCJAC0011,086338,2017,12,27,17.3,1,N
IDCJAC0011,086338,2017,12,28,24.0,1,N
IDCJAC0011,086338,2017,12,29,18.6,1,N
